[0.000000] (-) TimerEvent: {}
[0.000820] (-) JobUnselected: {'identifier': 'action_server'}
[0.001476] (-) JobUnselected: {'identifier': 'input'}
[0.001806] (custom_interfaces) JobQueued: {'identifier': 'custom_interfaces', 'dependencies': OrderedDict()}
[0.002182] (action_client) JobQueued: {'identifier': 'action_client', 'dependencies': OrderedDict([('custom_interfaces', '/workspaces/isaac_ros-dev/ros2_ws/object-detection-jai0307-notatallVishal/install/custom_interfaces')])}
[0.002308] (custom_interfaces) JobStarted: {'identifier': 'custom_interfaces'}
[0.026989] (custom_interfaces) JobProgress: {'identifier': 'custom_interfaces', 'progress': 'cmake'}
[0.028548] (custom_interfaces) Command: {'cmd': ['/usr/bin/cmake', '/workspaces/isaac_ros-dev/ros2_ws/object-detection-jai0307-notatallVishal/custom_interfaces', '-DCMAKE_INSTALL_PREFIX=/workspaces/isaac_ros-dev/ros2_ws/object-detection-jai0307-notatallVishal/install/custom_interfaces'], 'cwd': '/workspaces/isaac_ros-dev/ros2_ws/object-detection-jai0307-notatallVishal/build/custom_interfaces', 'env': OrderedDict([('LIBRARY_PATH', '/usr/local/cuda/lib64/stubs'), ('PYTHONWARNINGS', 'ignore:::setuptools.command.install,ignore:::setuptools.command.easy_install,ignore:::pkg_resources,ignore:::setuptools.command.develop'), ('NV_LIBCUBLAS_VERSION', '12.6.1.4-1'), ('USER', 'autorobo'), ('NV_CUDA_NSIGHT_COMPUTE_VERSION', '12.6.11-1'), ('HOSTNAME', 'autorobo-desktop'), ('SSH_AGENT_PID', '132308'), ('SHLVL', '1'), ('LD_LIBRARY_PATH', '/workspaces/isaac_ros-dev/ros2_ws/install/custom_interfaces/lib:/workspaces/isaac_ros-dev/ros2_ws/install/action_client/lib:/workspaces/isaac_ros-dev/ros2_ws/object-detection-jai0307-notatallVishal/install/action_client/lib:/opt/ros/humble/opt/rviz_ogre_vendor/lib:/opt/ros/humble/lib/aarch64-linux-gnu:/opt/ros/humble/lib:/usr/lib/aarch64-linux-gnu/tegra/weston:/usr/lib/aarch64-linux-gnu/tegra-egl:/usr/local/cuda-12.6/targets/aarch64-linux/lib:/usr/lib/aarch64-linux-gnu/tegra:/opt/nvidia/vpi3/lib64:/usr/local/libcudss-linux-0.3.0.9_cuda12-archive/lib:/usr/local/nvidia/lib:/usr/local/nvidia/lib64:/usr/lib/aarch64-linux-gnu-host:/opt/tritonserver/lib'), ('HOME', '/home/admin'), ('OLDPWD', '/workspaces/isaac_ros-dev/ros2_ws'), ('HOST_USER_GID', '1001'), ('NV_LIBCUBLAS_DEV_VERSION', '12.6.1.4-1'), ('ROS_PYTHON_VERSION', '3'), ('NVIDIA_PVA_DEVICE', 'all'), ('NV_LIBNPP_PACKAGE', 'libnpp-12-6=12.3.1.54-1'), ('CUDA_VERSION', '12.6.11'), ('COLCON_PREFIX_PATH', '/workspaces/isaac_ros-dev/ros2_ws/install:/workspaces/isaac_ros-dev/ros2_ws/object-detection-jai0307-notatallVishal/install'), ('ROS_DISTRO', 'humble'), ('NV_LIBCUBLAS_PACKAGE_NAME', 'libcublas-12-6'), ('NVIDIA_REQUIRE_CUDA', 'cuda>=12.6'), ('_', '/usr/bin/colcon'), ('ROS_VERSION', '2'), ('NV_LIBCUSPARSE_VERSION', '12.5.3.3-1'), ('NVIDIA_DRIVER_CAPABILITIES', 'all'), ('NV_CUDA_LIB_VERSION', '12.6.11-1'), ('NV_NVML_DEV_VERSION', '12.6.68-1'), ('USERNAME', 'admin'), ('NV_LIBNPP_DEV_PACKAGE', 'libnpp-dev-12-6=12.3.1.54-1'), ('TERM', 'xterm'), ('ISAAC_ROS_WS', '/workspaces/isaac_ros-dev'), ('NV_CUDA_CUDART_VERSION', '12.6.68-1'), ('ROS_LOCALHOST_ONLY', '0'), ('PATH', '/opt/ros/humble/bin:/opt/ros/humble/vcstool/scripts:/usr/local/nvidia/bin:/usr/local/cuda/bin:/usr/src/tensorrt/bin:/usr/local/nvidia/bin:/usr/local/cuda/bin:/usr/local/sbin:/usr/local/bin:/usr/sbin:/usr/bin:/sbin:/bin'), ('NV_LIBCUBLAS_DEV_PACKAGE_NAME', 'libcublas-dev-12-6'), ('NV_LIBCUBLAS_PACKAGE', 'libcublas-12-6=12.6.1.4-1'), ('HOST_USER_UID', '1000'), ('NVARCH', 'arm64'), ('CUDSS_DIR', '/usr/local/libcudss-linux-0.3.0.9_cuda12-archive'), ('NV_LIBCUSPARSE_DEV_VERSION', '12.5.3.3-1'), ('DISPLAY', ':1'), ('NVIDIA_PRODUCT_NAME', 'CUDA'), ('LANG', 'en_US.UTF-8'), ('RMW_IMPLEMENTATION', 'rmw_fastrtps_cpp'), ('NV_CUDA_CUDART_DEV_VERSION', '12.6.68-1'), ('ROS_ROOT', '/opt/ros/humble'), ('SSH_AUTH_SOCK', '/tmp/ssh-XXXXXXmvrixz/agent.132307'), ('AMENT_PREFIX_PATH', '/workspaces/isaac_ros-dev/ros2_ws/install/custom_interfaces:/workspaces/isaac_ros-dev/ros2_ws/install/input:/workspaces/isaac_ros-dev/ros2_ws/install/action_server:/workspaces/isaac_ros-dev/ros2_ws/install/action_client:/workspaces/isaac_ros-dev/ros2_ws/object-detection-jai0307-notatallVishal/install/input:/workspaces/isaac_ros-dev/ros2_ws/object-detection-jai0307-notatallVishal/install/action_client:/opt/ros/humble'), ('DEBIAN_FRONTEND', 'noninteractive'), ('SHELL', '/bin/bash'), ('TRT_INCLUDE_PATH', '/usr/include/aarch64-linux-gnu'), ('NV_LIBCUBLAS_DEV_PACKAGE', 'libcublas-dev-12-6=12.6.1.4-1'), ('NV_CUDA_NSIGHT_COMPUTE_DEV_PACKAGE', 'cuda-nsight-compute-12-6=12.6.11-1'), ('NVIDIA_REQUIRE_JETPACK_HOST_MOUNTS', 'base-only'), ('NV_NVTX_VERSION', '12.6.68-1'), ('NV_LIBNPP_VERSION', '12.3.1.54-1'), ('PWD', '/workspaces/isaac_ros-dev/ros2_ws/object-detection-jai0307-notatallVishal/build/custom_interfaces'), ('PYTHONPATH', '/workspaces/isaac_ros-dev/ros2_ws/install/custom_interfaces/local/lib/python3.10/dist-packages:/workspaces/isaac_ros-dev/ros2_ws/install/action_client/local/lib/python3.10/dist-packages:/workspaces/isaac_ros-dev/ros2_ws/object-detection-jai0307-notatallVishal/install/action_client/local/lib/python3.10/dist-packages:/opt/ros/humble/lib/python3.10/site-packages:/opt/ros/humble/local/lib/python3.10/dist-packages:/opt/ros/humble/vcstool:'), ('NVIDIA_VISIBLE_DEVICES', 'void'), ('COLCON', '1'), ('NV_LIBNPP_DEV_VERSION', '12.3.1.54-1'), ('CMAKE_PREFIX_PATH', '/workspaces/isaac_ros-dev/ros2_ws/install/custom_interfaces:/workspaces/isaac_ros-dev/ros2_ws/install/input:/workspaces/isaac_ros-dev/ros2_ws/install/action_server:/workspaces/isaac_ros-dev/ros2_ws/install/action_client:/workspaces/isaac_ros-dev/ros2_ws/object-detection-jai0307-notatallVishal/install/input:/workspaces/isaac_ros-dev/ros2_ws/object-detection-jai0307-notatallVishal/install/action_client:/usr/local/libcudss-linux-0.3.0.9_cuda12-archive::/opt/ros/humble'), ('TRT_LIB_PATH', '/usr/lib/aarch64-linux-gnu')]), 'shell': False}
[0.099109] (-) TimerEvent: {}
[0.199822] (-) TimerEvent: {}
[0.249575] (custom_interfaces) StdoutLine: {'line': b'-- The C compiler identification is GNU 11.4.0\n'}
[0.300012] (-) TimerEvent: {}
[0.398764] (custom_interfaces) StdoutLine: {'line': b'-- The CXX compiler identification is GNU 11.4.0\n'}
[0.400108] (-) TimerEvent: {}
[0.421209] (custom_interfaces) StdoutLine: {'line': b'-- Detecting C compiler ABI info\n'}
[0.500371] (-) TimerEvent: {}
[0.599232] (custom_interfaces) StdoutLine: {'line': b'-- Detecting C compiler ABI info - done\n'}
[0.600451] (-) TimerEvent: {}
[0.623183] (custom_interfaces) StdoutLine: {'line': b'-- Check for working C compiler: /usr/bin/cc - skipped\n'}
[0.624482] (custom_interfaces) StdoutLine: {'line': b'-- Detecting C compile features\n'}
[0.626189] (custom_interfaces) StdoutLine: {'line': b'-- Detecting C compile features - done\n'}
[0.638181] (custom_interfaces) StdoutLine: {'line': b'-- Detecting CXX compiler ABI info\n'}
[0.700671] (-) TimerEvent: {}
[0.801380] (-) TimerEvent: {}
[0.828170] (custom_interfaces) StdoutLine: {'line': b'-- Detecting CXX compiler ABI info - done\n'}
[0.854746] (custom_interfaces) StdoutLine: {'line': b'-- Check for working CXX compiler: /usr/bin/c++ - skipped\n'}
[0.855597] (custom_interfaces) StdoutLine: {'line': b'-- Detecting CXX compile features\n'}
[0.857113] (custom_interfaces) StdoutLine: {'line': b'-- Detecting CXX compile features - done\n'}
[0.879781] (custom_interfaces) StdoutLine: {'line': b'-- Found ament_cmake: 1.3.11 (/opt/ros/humble/share/ament_cmake/cmake)\n'}
[0.901577] (-) TimerEvent: {}
[1.002297] (-) TimerEvent: {}
[1.102986] (-) TimerEvent: {}
[1.203774] (-) TimerEvent: {}
[1.304418] (-) TimerEvent: {}
[1.405034] (-) TimerEvent: {}
[1.505660] (-) TimerEvent: {}
[1.606292] (-) TimerEvent: {}
[1.706916] (-) TimerEvent: {}
[1.807527] (-) TimerEvent: {}
[1.908187] (-) TimerEvent: {}
[2.008842] (-) TimerEvent: {}
[2.109554] (-) TimerEvent: {}
[2.210364] (-) TimerEvent: {}
[2.311019] (-) TimerEvent: {}
[2.411660] (-) TimerEvent: {}
[2.512288] (-) TimerEvent: {}
[2.612892] (-) TimerEvent: {}
[2.713501] (-) TimerEvent: {}
[2.814194] (-) TimerEvent: {}
[2.834060] (custom_interfaces) StdoutLine: {'line': b'-- Found Python3: /usr/bin/python3 (found version "3.10.12") found components: Interpreter \n'}
[2.914347] (-) TimerEvent: {}
[3.015019] (-) TimerEvent: {}
[3.115816] (-) TimerEvent: {}
[3.186872] (custom_interfaces) StdoutLine: {'line': b'-- Found rclcpp: 16.0.12 (/opt/ros/humble/share/rclcpp/cmake)\n'}
[3.215895] (-) TimerEvent: {}
[3.316658] (-) TimerEvent: {}
[3.358826] (custom_interfaces) StdoutLine: {'line': b'-- Found rosidl_generator_c: 3.1.6 (/opt/ros/humble/share/rosidl_generator_c/cmake)\n'}
[3.379775] (custom_interfaces) StdoutLine: {'line': b'-- Found rosidl_adapter: 3.1.6 (/opt/ros/humble/share/rosidl_adapter/cmake)\n'}
[3.411000] (custom_interfaces) StdoutLine: {'line': b'-- Found rosidl_generator_cpp: 3.1.6 (/opt/ros/humble/share/rosidl_generator_cpp/cmake)\n'}
[3.416718] (-) TimerEvent: {}
[3.452839] (custom_interfaces) StdoutLine: {'line': b'-- Using all available rosidl_typesupport_c: rosidl_typesupport_fastrtps_c;rosidl_typesupport_introspection_c\n'}
[3.508684] (custom_interfaces) StdoutLine: {'line': b'-- Using all available rosidl_typesupport_cpp: rosidl_typesupport_fastrtps_cpp;rosidl_typesupport_introspection_cpp\n'}
[3.516852] (-) TimerEvent: {}
[3.617402] (-) TimerEvent: {}
[3.663171] (custom_interfaces) StdoutLine: {'line': b'-- Found rmw_implementation_cmake: 6.1.2 (/opt/ros/humble/share/rmw_implementation_cmake/cmake)\n'}
[3.674748] (custom_interfaces) StdoutLine: {'line': b'-- Found rmw_fastrtps_cpp: 6.2.7 (/opt/ros/humble/share/rmw_fastrtps_cpp/cmake)\n'}
[3.717519] (-) TimerEvent: {}
[3.818083] (-) TimerEvent: {}
[3.918769] (-) TimerEvent: {}
[3.959361] (custom_interfaces) StdoutLine: {'line': b'-- Found OpenSSL: /usr/lib/aarch64-linux-gnu/libcrypto.so (found version "3.0.2")  \n'}
[4.018959] (-) TimerEvent: {}
[4.055456] (custom_interfaces) StdoutLine: {'line': b'-- Found FastRTPS: /opt/ros/humble/include  \n'}
[4.119144] (-) TimerEvent: {}
[4.195813] (custom_interfaces) StdoutLine: {'line': b"-- Using RMW implementation 'rmw_fastrtps_cpp' as default\n"}
[4.219323] (-) TimerEvent: {}
[4.238223] (custom_interfaces) StdoutLine: {'line': b'-- Looking for pthread.h\n'}
[4.319510] (-) TimerEvent: {}
[4.410988] (custom_interfaces) StdoutLine: {'line': b'-- Looking for pthread.h - found\n'}
[4.412340] (custom_interfaces) StdoutLine: {'line': b'-- Performing Test CMAKE_HAVE_LIBC_PTHREAD\n'}
[4.419685] (-) TimerEvent: {}
[4.520480] (-) TimerEvent: {}
[4.599896] (custom_interfaces) StdoutLine: {'line': b'-- Performing Test CMAKE_HAVE_LIBC_PTHREAD - Success\n'}
[4.602509] (custom_interfaces) StdoutLine: {'line': b'-- Found Threads: TRUE  \n'}
[4.620671] (-) TimerEvent: {}
[4.721456] (-) TimerEvent: {}
[4.793980] (custom_interfaces) StdoutLine: {'line': b'-- Found rosidl_default_generators: 1.2.0 (/opt/ros/humble/share/rosidl_default_generators/cmake)\n'}
[4.821638] (-) TimerEvent: {}
[4.831540] (custom_interfaces) StdoutLine: {'line': b'-- Found geometry_msgs: 4.8.0 (/opt/ros/humble/share/geometry_msgs/cmake)\n'}
[4.921792] (-) TimerEvent: {}
[5.022416] (-) TimerEvent: {}
[5.123050] (-) TimerEvent: {}
[5.223742] (-) TimerEvent: {}
[5.324542] (-) TimerEvent: {}
[5.425145] (-) TimerEvent: {}
[5.525747] (-) TimerEvent: {}
[5.626370] (-) TimerEvent: {}
[5.666624] (custom_interfaces) StdoutLine: {'line': b'-- Found ament_cmake_ros: 0.10.0 (/opt/ros/humble/share/ament_cmake_ros/cmake)\n'}
[5.726578] (-) TimerEvent: {}
[5.827285] (-) TimerEvent: {}
[5.928014] (-) TimerEvent: {}
[6.028681] (-) TimerEvent: {}
[6.129355] (-) TimerEvent: {}
[6.230142] (-) TimerEvent: {}
[6.330788] (-) TimerEvent: {}
[6.431417] (-) TimerEvent: {}
[6.532044] (-) TimerEvent: {}
[6.628966] (custom_interfaces) StdoutLine: {'line': b'-- Using all available rosidl_typesupport_c: rosidl_typesupport_fastrtps_c;rosidl_typesupport_introspection_c\n'}
[6.632143] (-) TimerEvent: {}
[6.732710] (-) TimerEvent: {}
[6.833356] (-) TimerEvent: {}
[6.933986] (-) TimerEvent: {}
[6.984315] (custom_interfaces) StdoutLine: {'line': b'-- Using all available rosidl_typesupport_cpp: rosidl_typesupport_fastrtps_cpp;rosidl_typesupport_introspection_cpp\n'}
[7.034144] (-) TimerEvent: {}
[7.055121] (custom_interfaces) StdoutLine: {'line': b'-- Found PythonInterp: /usr/bin/python3 (found suitable version "3.10.12", minimum required is "3.6") \n'}
[7.067670] (custom_interfaces) StdoutLine: {'line': b'-- Found python_cmake_module: 0.10.0 (/opt/ros/humble/share/python_cmake_module/cmake)\n'}
[7.134332] (-) TimerEvent: {}
[7.151738] (custom_interfaces) StdoutLine: {'line': b'-- Found PythonLibs: /usr/lib/aarch64-linux-gnu/libpython3.10.so (found suitable version "3.10.12", minimum required is "3.5") \n'}
[7.152427] (custom_interfaces) StdoutLine: {'line': b'-- Using PYTHON_EXECUTABLE: /usr/bin/python3\n'}
[7.152719] (custom_interfaces) StdoutLine: {'line': b'-- Using PYTHON_INCLUDE_DIRS: /usr/include/python3.10\n'}
[7.152976] (custom_interfaces) StdoutLine: {'line': b'-- Using PYTHON_LIBRARIES: /usr/lib/aarch64-linux-gnu/libpython3.10.so\n'}
[7.219374] (custom_interfaces) StdoutLine: {'line': b'-- Found PythonExtra: .so  \n'}
[7.234453] (-) TimerEvent: {}
[7.335080] (-) TimerEvent: {}
[7.435673] (-) TimerEvent: {}
[7.536302] (-) TimerEvent: {}
[7.636933] (-) TimerEvent: {}
[7.648790] (custom_interfaces) StdoutLine: {'line': b'-- Using numpy include directory: /usr/local/lib/python3.10/dist-packages/numpy/core/include\n'}
[7.693971] (custom_interfaces) StdoutLine: {'line': b'-- Found ament_lint_auto: 0.12.12 (/opt/ros/humble/share/ament_lint_auto/cmake)\n'}
[7.737130] (-) TimerEvent: {}
[7.793677] (custom_interfaces) StdoutLine: {'line': b"-- Added test 'lint_cmake' to check CMake code style\n"}
[7.796766] (custom_interfaces) StdoutLine: {'line': b"-- Added test 'xmllint' to check XML markup files\n"}
[7.804170] (custom_interfaces) StdoutLine: {'line': b'-- Configuring done\n'}
[7.837260] (-) TimerEvent: {}
[7.888068] (custom_interfaces) StdoutLine: {'line': b'-- Generating done\n'}
[7.915831] (custom_interfaces) StdoutLine: {'line': b'-- Build files have been written to: /workspaces/isaac_ros-dev/ros2_ws/object-detection-jai0307-notatallVishal/build/custom_interfaces\n'}
[7.937443] (-) TimerEvent: {}
[7.948429] (custom_interfaces) CommandEnded: {'returncode': 0}
[7.950595] (custom_interfaces) JobProgress: {'identifier': 'custom_interfaces', 'progress': 'build'}
[7.953072] (custom_interfaces) Command: {'cmd': ['/usr/bin/cmake', '--build', '/workspaces/isaac_ros-dev/ros2_ws/object-detection-jai0307-notatallVishal/build/custom_interfaces', '--', '-j6', '-l6'], 'cwd': '/workspaces/isaac_ros-dev/ros2_ws/object-detection-jai0307-notatallVishal/build/custom_interfaces', 'env': OrderedDict([('LIBRARY_PATH', '/usr/local/cuda/lib64/stubs'), ('PYTHONWARNINGS', 'ignore:::setuptools.command.install,ignore:::setuptools.command.easy_install,ignore:::pkg_resources,ignore:::setuptools.command.develop'), ('NV_LIBCUBLAS_VERSION', '12.6.1.4-1'), ('USER', 'autorobo'), ('NV_CUDA_NSIGHT_COMPUTE_VERSION', '12.6.11-1'), ('HOSTNAME', 'autorobo-desktop'), ('SSH_AGENT_PID', '132308'), ('SHLVL', '1'), ('LD_LIBRARY_PATH', '/workspaces/isaac_ros-dev/ros2_ws/install/custom_interfaces/lib:/workspaces/isaac_ros-dev/ros2_ws/install/action_client/lib:/workspaces/isaac_ros-dev/ros2_ws/object-detection-jai0307-notatallVishal/install/action_client/lib:/opt/ros/humble/opt/rviz_ogre_vendor/lib:/opt/ros/humble/lib/aarch64-linux-gnu:/opt/ros/humble/lib:/usr/lib/aarch64-linux-gnu/tegra/weston:/usr/lib/aarch64-linux-gnu/tegra-egl:/usr/local/cuda-12.6/targets/aarch64-linux/lib:/usr/lib/aarch64-linux-gnu/tegra:/opt/nvidia/vpi3/lib64:/usr/local/libcudss-linux-0.3.0.9_cuda12-archive/lib:/usr/local/nvidia/lib:/usr/local/nvidia/lib64:/usr/lib/aarch64-linux-gnu-host:/opt/tritonserver/lib'), ('HOME', '/home/admin'), ('OLDPWD', '/workspaces/isaac_ros-dev/ros2_ws'), ('HOST_USER_GID', '1001'), ('NV_LIBCUBLAS_DEV_VERSION', '12.6.1.4-1'), ('ROS_PYTHON_VERSION', '3'), ('NVIDIA_PVA_DEVICE', 'all'), ('NV_LIBNPP_PACKAGE', 'libnpp-12-6=12.3.1.54-1'), ('CUDA_VERSION', '12.6.11'), ('COLCON_PREFIX_PATH', '/workspaces/isaac_ros-dev/ros2_ws/install:/workspaces/isaac_ros-dev/ros2_ws/object-detection-jai0307-notatallVishal/install'), ('ROS_DISTRO', 'humble'), ('NV_LIBCUBLAS_PACKAGE_NAME', 'libcublas-12-6'), ('NVIDIA_REQUIRE_CUDA', 'cuda>=12.6'), ('_', '/usr/bin/colcon'), ('ROS_VERSION', '2'), ('NV_LIBCUSPARSE_VERSION', '12.5.3.3-1'), ('NVIDIA_DRIVER_CAPABILITIES', 'all'), ('NV_CUDA_LIB_VERSION', '12.6.11-1'), ('NV_NVML_DEV_VERSION', '12.6.68-1'), ('USERNAME', 'admin'), ('NV_LIBNPP_DEV_PACKAGE', 'libnpp-dev-12-6=12.3.1.54-1'), ('TERM', 'xterm'), ('ISAAC_ROS_WS', '/workspaces/isaac_ros-dev'), ('NV_CUDA_CUDART_VERSION', '12.6.68-1'), ('ROS_LOCALHOST_ONLY', '0'), ('PATH', '/opt/ros/humble/bin:/opt/ros/humble/vcstool/scripts:/usr/local/nvidia/bin:/usr/local/cuda/bin:/usr/src/tensorrt/bin:/usr/local/nvidia/bin:/usr/local/cuda/bin:/usr/local/sbin:/usr/local/bin:/usr/sbin:/usr/bin:/sbin:/bin'), ('NV_LIBCUBLAS_DEV_PACKAGE_NAME', 'libcublas-dev-12-6'), ('NV_LIBCUBLAS_PACKAGE', 'libcublas-12-6=12.6.1.4-1'), ('HOST_USER_UID', '1000'), ('NVARCH', 'arm64'), ('CUDSS_DIR', '/usr/local/libcudss-linux-0.3.0.9_cuda12-archive'), ('NV_LIBCUSPARSE_DEV_VERSION', '12.5.3.3-1'), ('DISPLAY', ':1'), ('NVIDIA_PRODUCT_NAME', 'CUDA'), ('LANG', 'en_US.UTF-8'), ('RMW_IMPLEMENTATION', 'rmw_fastrtps_cpp'), ('NV_CUDA_CUDART_DEV_VERSION', '12.6.68-1'), ('ROS_ROOT', '/opt/ros/humble'), ('SSH_AUTH_SOCK', '/tmp/ssh-XXXXXXmvrixz/agent.132307'), ('AMENT_PREFIX_PATH', '/workspaces/isaac_ros-dev/ros2_ws/install/custom_interfaces:/workspaces/isaac_ros-dev/ros2_ws/install/input:/workspaces/isaac_ros-dev/ros2_ws/install/action_server:/workspaces/isaac_ros-dev/ros2_ws/install/action_client:/workspaces/isaac_ros-dev/ros2_ws/object-detection-jai0307-notatallVishal/install/input:/workspaces/isaac_ros-dev/ros2_ws/object-detection-jai0307-notatallVishal/install/action_client:/opt/ros/humble'), ('DEBIAN_FRONTEND', 'noninteractive'), ('SHELL', '/bin/bash'), ('TRT_INCLUDE_PATH', '/usr/include/aarch64-linux-gnu'), ('NV_LIBCUBLAS_DEV_PACKAGE', 'libcublas-dev-12-6=12.6.1.4-1'), ('NV_CUDA_NSIGHT_COMPUTE_DEV_PACKAGE', 'cuda-nsight-compute-12-6=12.6.11-1'), ('NVIDIA_REQUIRE_JETPACK_HOST_MOUNTS', 'base-only'), ('NV_NVTX_VERSION', '12.6.68-1'), ('NV_LIBNPP_VERSION', '12.3.1.54-1'), ('PWD', '/workspaces/isaac_ros-dev/ros2_ws/object-detection-jai0307-notatallVishal/build/custom_interfaces'), ('PYTHONPATH', '/workspaces/isaac_ros-dev/ros2_ws/install/custom_interfaces/local/lib/python3.10/dist-packages:/workspaces/isaac_ros-dev/ros2_ws/install/action_client/local/lib/python3.10/dist-packages:/workspaces/isaac_ros-dev/ros2_ws/object-detection-jai0307-notatallVishal/install/action_client/local/lib/python3.10/dist-packages:/opt/ros/humble/lib/python3.10/site-packages:/opt/ros/humble/local/lib/python3.10/dist-packages:/opt/ros/humble/vcstool:'), ('NVIDIA_VISIBLE_DEVICES', 'void'), ('COLCON', '1'), ('NV_LIBNPP_DEV_VERSION', '12.3.1.54-1'), ('CMAKE_PREFIX_PATH', '/workspaces/isaac_ros-dev/ros2_ws/install/custom_interfaces:/workspaces/isaac_ros-dev/ros2_ws/install/input:/workspaces/isaac_ros-dev/ros2_ws/install/action_server:/workspaces/isaac_ros-dev/ros2_ws/install/action_client:/workspaces/isaac_ros-dev/ros2_ws/object-detection-jai0307-notatallVishal/install/input:/workspaces/isaac_ros-dev/ros2_ws/object-detection-jai0307-notatallVishal/install/action_client:/usr/local/libcudss-linux-0.3.0.9_cuda12-archive::/opt/ros/humble'), ('TRT_LIB_PATH', '/usr/lib/aarch64-linux-gnu')]), 'shell': False}
[8.037641] (-) TimerEvent: {}
[8.063090] (custom_interfaces) StdoutLine: {'line': b'[  3%] \x1b[34m\x1b[1mGenerating C code for ROS interfaces\x1b[0m\n'}
[8.094700] (custom_interfaces) StdoutLine: {'line': b'[  6%] \x1b[34m\x1b[1mGenerating C++ code for ROS interfaces\x1b[0m\n'}
[8.126733] (custom_interfaces) StdoutLine: {'line': b'[  6%] Built target ament_cmake_python_copy_custom_interfaces\n'}
[8.137785] (-) TimerEvent: {}
[8.238398] (-) TimerEvent: {}
[8.339034] (-) TimerEvent: {}
[8.439899] (-) TimerEvent: {}
[8.540537] (-) TimerEvent: {}
[8.641133] (-) TimerEvent: {}
[8.741745] (-) TimerEvent: {}
[8.842376] (-) TimerEvent: {}
[8.945427] (-) TimerEvent: {}
[9.046125] (-) TimerEvent: {}
[9.147359] (-) TimerEvent: {}
[9.173347] (custom_interfaces) StdoutLine: {'line': b'[  9%] \x1b[32mBuilding C object CMakeFiles/custom_interfaces__rosidl_generator_c.dir/rosidl_generator_c/custom_interfaces/action/detail/detect__functions.c.o\x1b[0m\n'}
[9.174353] (custom_interfaces) StdoutLine: {'line': b'[  9%] Built target custom_interfaces__cpp\n'}
[9.199091] (custom_interfaces) StdoutLine: {'line': b'running egg_info\n'}
[9.201654] (custom_interfaces) StdoutLine: {'line': b'creating custom_interfaces.egg-info\n'}
[9.208786] (custom_interfaces) StdoutLine: {'line': b'[ 16%] \x1b[34m\x1b[1mGenerating C++ type support dispatch for ROS interfaces\x1b[0m\n'}
[9.209236] (custom_interfaces) StdoutLine: {'line': b'[ 16%] \x1b[34m\x1b[1mGenerating C++ type support for eProsima Fast-RTPS\x1b[0m\n'}
[9.217004] (custom_interfaces) StdoutLine: {'line': b'[ 19%] \x1b[34m\x1b[1mGenerating C++ introspection for ROS interfaces\x1b[0m\n'}
[9.247518] (-) TimerEvent: {}
[9.252368] (custom_interfaces) StdoutLine: {'line': b'writing custom_interfaces.egg-info/PKG-INFO\n'}
[9.252993] (custom_interfaces) StdoutLine: {'line': b'writing dependency_links to custom_interfaces.egg-info/dependency_links.txt\n'}
[9.253669] (custom_interfaces) StdoutLine: {'line': b'writing top-level names to custom_interfaces.egg-info/top_level.txt\n'}
[9.254048] (custom_interfaces) StdoutLine: {'line': b"writing manifest file 'custom_interfaces.egg-info/SOURCES.txt'\n"}
[9.347697] (-) TimerEvent: {}
[9.448513] (-) TimerEvent: {}
[9.549151] (-) TimerEvent: {}
[9.568778] (custom_interfaces) StdoutLine: {'line': b'[ 22%] \x1b[32m\x1b[1mLinking C shared library libcustom_interfaces__rosidl_generator_c.so\x1b[0m\n'}
[9.649325] (-) TimerEvent: {}
[9.692119] (custom_interfaces) StdoutLine: {'line': b'[ 22%] Built target custom_interfaces__rosidl_generator_c\n'}
[9.730501] (custom_interfaces) StdoutLine: {'line': b'[ 25%] \x1b[34m\x1b[1mGenerating C type support for eProsima Fast-RTPS\x1b[0m\n'}
[9.731191] (custom_interfaces) StdoutLine: {'line': b'[ 29%] \x1b[34m\x1b[1mGenerating C introspection for ROS interfaces\x1b[0m\n'}
[9.749494] (-) TimerEvent: {}
[9.850384] (-) TimerEvent: {}
[9.952057] (-) TimerEvent: {}
[10.019795] (custom_interfaces) StdoutLine: {'line': b'[ 32%] \x1b[32mBuilding CXX object CMakeFiles/custom_interfaces__rosidl_typesupport_cpp.dir/rosidl_typesupport_cpp/custom_interfaces/action/detect__type_support.cpp.o\x1b[0m\n'}
[10.052218] (-) TimerEvent: {}
[10.153219] (-) TimerEvent: {}
[10.254242] (-) TimerEvent: {}
[10.355306] (-) TimerEvent: {}
[10.362880] (custom_interfaces) StdoutLine: {'line': b'[ 35%] \x1b[32mBuilding CXX object CMakeFiles/custom_interfaces__rosidl_typesupport_fastrtps_cpp.dir/rosidl_typesupport_fastrtps_cpp/custom_interfaces/action/detail/dds_fastrtps/detect__type_support.cpp.o\x1b[0m\n'}
[10.425474] (custom_interfaces) StdoutLine: {'line': b'[ 38%] \x1b[32mBuilding CXX object CMakeFiles/custom_interfaces__rosidl_typesupport_introspection_cpp.dir/rosidl_typesupport_introspection_cpp/custom_interfaces/action/detail/detect__type_support.cpp.o\x1b[0m\n'}
[10.446632] (custom_interfaces) StdoutLine: {'line': b"reading manifest file 'custom_interfaces.egg-info/SOURCES.txt'\n"}
[10.449235] (custom_interfaces) StdoutLine: {'line': b"writing manifest file 'custom_interfaces.egg-info/SOURCES.txt'\n"}
[10.455451] (-) TimerEvent: {}
[10.557392] (-) TimerEvent: {}
[10.638018] (custom_interfaces) StdoutLine: {'line': b'[ 41%] \x1b[32mBuilding C object CMakeFiles/custom_interfaces__rosidl_typesupport_introspection_c.dir/rosidl_typesupport_introspection_c/custom_interfaces/action/detail/detect__type_support.c.o\x1b[0m\n'}
[10.657591] (-) TimerEvent: {}
[10.687387] (custom_interfaces) StdoutLine: {'line': b'[ 41%] Built target ament_cmake_python_build_custom_interfaces_egg\n'}
[10.729997] (custom_interfaces) StdoutLine: {'line': b'[ 45%] \x1b[34m\x1b[1mGenerating C type support dispatch for ROS interfaces\x1b[0m\n'}
[10.757786] (-) TimerEvent: {}
[10.768624] (custom_interfaces) StdoutLine: {'line': b'[ 48%] \x1b[32m\x1b[1mLinking C shared library libcustom_interfaces__rosidl_typesupport_introspection_c.so\x1b[0m\n'}
[10.854348] (custom_interfaces) StdoutLine: {'line': b'[ 48%] Built target custom_interfaces__rosidl_typesupport_introspection_c\n'}
[10.857943] (-) TimerEvent: {}
[10.896217] (custom_interfaces) StdoutLine: {'line': b'[ 51%] \x1b[32mBuilding CXX object CMakeFiles/custom_interfaces__rosidl_typesupport_fastrtps_c.dir/rosidl_typesupport_fastrtps_c/custom_interfaces/action/detail/detect__type_support_c.cpp.o\x1b[0m\n'}
[10.958121] (-) TimerEvent: {}
[11.060318] (-) TimerEvent: {}
[11.162746] (-) TimerEvent: {}
[11.264622] (-) TimerEvent: {}
[11.277286] (custom_interfaces) StdoutLine: {'line': b'[ 54%] \x1b[32m\x1b[1mLinking CXX shared library libcustom_interfaces__rosidl_typesupport_cpp.so\x1b[0m\n'}
[11.364811] (-) TimerEvent: {}
[11.386908] (custom_interfaces) StdoutLine: {'line': b'[ 54%] Built target custom_interfaces__rosidl_typesupport_cpp\n'}
[11.465012] (-) TimerEvent: {}
[11.535809] (custom_interfaces) StdoutLine: {'line': b'[ 58%] \x1b[32mBuilding CXX object CMakeFiles/custom_interfaces__rosidl_typesupport_c.dir/rosidl_typesupport_c/custom_interfaces/action/detect__type_support.cpp.o\x1b[0m\n'}
[11.565205] (-) TimerEvent: {}
[11.661524] (custom_interfaces) StdoutLine: {'line': b'[ 61%] \x1b[32m\x1b[1mLinking CXX shared library libcustom_interfaces__rosidl_typesupport_c.so\x1b[0m\n'}
[11.665403] (-) TimerEvent: {}
[11.767166] (custom_interfaces) StdoutLine: {'line': b'[ 61%] Built target custom_interfaces__rosidl_typesupport_c\n'}
[11.767672] (-) TimerEvent: {}
[11.818515] (custom_interfaces) StdoutLine: {'line': b'[ 64%] \x1b[32m\x1b[1mLinking CXX shared library libcustom_interfaces__rosidl_typesupport_fastrtps_cpp.so\x1b[0m\n'}
[11.867929] (-) TimerEvent: {}
[11.902900] (custom_interfaces) StdoutLine: {'line': b'[ 67%] \x1b[32m\x1b[1mLinking CXX shared library libcustom_interfaces__rosidl_typesupport_fastrtps_c.so\x1b[0m\n'}
[11.954525] (custom_interfaces) StdoutLine: {'line': b'[ 70%] \x1b[32m\x1b[1mLinking CXX shared library libcustom_interfaces__rosidl_typesupport_introspection_cpp.so\x1b[0m\n'}
[11.968117] (-) TimerEvent: {}
[11.997224] (custom_interfaces) StdoutLine: {'line': b'[ 70%] Built target custom_interfaces__rosidl_typesupport_fastrtps_cpp\n'}
[12.068312] (-) TimerEvent: {}
[12.087453] (custom_interfaces) StdoutLine: {'line': b'[ 70%] Built target custom_interfaces__rosidl_typesupport_fastrtps_c\n'}
[12.134697] (custom_interfaces) StdoutLine: {'line': b'[ 70%] Built target custom_interfaces__rosidl_typesupport_introspection_cpp\n'}
[12.168498] (-) TimerEvent: {}
[12.188739] (custom_interfaces) StdoutLine: {'line': b'[ 70%] Built target custom_interfaces\n'}
[12.241344] (custom_interfaces) StdoutLine: {'line': b'[ 74%] \x1b[34m\x1b[1mGenerating Python code for ROS interfaces\x1b[0m\n'}
[12.268672] (-) TimerEvent: {}
[12.369567] (-) TimerEvent: {}
[12.470195] (-) TimerEvent: {}
[12.570840] (-) TimerEvent: {}
[12.671487] (-) TimerEvent: {}
[12.772186] (-) TimerEvent: {}
[12.872820] (-) TimerEvent: {}
[12.973444] (-) TimerEvent: {}
[13.074085] (-) TimerEvent: {}
[13.174727] (-) TimerEvent: {}
[13.275356] (-) TimerEvent: {}
[13.376177] (-) TimerEvent: {}
[13.476944] (-) TimerEvent: {}
[13.577633] (-) TimerEvent: {}
[13.678376] (-) TimerEvent: {}
[13.779017] (-) TimerEvent: {}
[13.879698] (-) TimerEvent: {}
[13.980700] (-) TimerEvent: {}
[13.986635] (custom_interfaces) StdoutLine: {'line': b'[ 74%] Built target custom_interfaces__py\n'}
[14.040789] (custom_interfaces) StdoutLine: {'line': b'[ 77%] \x1b[32mBuilding C object CMakeFiles/custom_interfaces__rosidl_generator_py.dir/rosidl_generator_py/custom_interfaces/action/_detect_s.c.o\x1b[0m\n'}
[14.080753] (-) TimerEvent: {}
[14.181596] (-) TimerEvent: {}
[14.282476] (-) TimerEvent: {}
[14.383418] (-) TimerEvent: {}
[14.410403] (custom_interfaces) StdoutLine: {'line': b'[ 80%] \x1b[32m\x1b[1mLinking C shared library rosidl_generator_py/custom_interfaces/libcustom_interfaces__rosidl_generator_py.so\x1b[0m\n'}
[14.483586] (-) TimerEvent: {}
[14.508034] (custom_interfaces) StdoutLine: {'line': b'[ 80%] Built target custom_interfaces__rosidl_generator_py\n'}
[14.564931] (custom_interfaces) StdoutLine: {'line': b'[ 87%] \x1b[32mBuilding C object CMakeFiles/custom_interfaces__rosidl_typesupport_fastrtps_c__pyext.dir/rosidl_generator_py/custom_interfaces/_custom_interfaces_s.ep.rosidl_typesupport_fastrtps_c.c.o\x1b[0m\n'}
[14.565572] (custom_interfaces) StdoutLine: {'line': b'[ 87%] \x1b[32mBuilding C object CMakeFiles/custom_interfaces__rosidl_typesupport_introspection_c__pyext.dir/rosidl_generator_py/custom_interfaces/_custom_interfaces_s.ep.rosidl_typesupport_introspection_c.c.o\x1b[0m\n'}
[14.565837] (custom_interfaces) StdoutLine: {'line': b'[ 90%] \x1b[32mBuilding C object CMakeFiles/custom_interfaces__rosidl_typesupport_c__pyext.dir/rosidl_generator_py/custom_interfaces/_custom_interfaces_s.ep.rosidl_typesupport_c.c.o\x1b[0m\n'}
[14.583806] (-) TimerEvent: {}
[14.684922] (-) TimerEvent: {}
[14.786221] (-) TimerEvent: {}
[14.875920] (custom_interfaces) StdoutLine: {'line': b'[ 96%] \x1b[32m\x1b[1mLinking C shared library rosidl_generator_py/custom_interfaces/custom_interfaces_s__rosidl_typesupport_introspection_c.cpython-310-aarch64-linux-gnu.so\x1b[0m\n'}
[14.876435] (custom_interfaces) StdoutLine: {'line': b'[ 96%] \x1b[32m\x1b[1mLinking C shared library rosidl_generator_py/custom_interfaces/custom_interfaces_s__rosidl_typesupport_c.cpython-310-aarch64-linux-gnu.so\x1b[0m\n'}
[14.886258] (custom_interfaces) StdoutLine: {'line': b'[100%] \x1b[32m\x1b[1mLinking C shared library rosidl_generator_py/custom_interfaces/custom_interfaces_s__rosidl_typesupport_fastrtps_c.cpython-310-aarch64-linux-gnu.so\x1b[0m\n'}
[14.888608] (-) TimerEvent: {}
[14.978240] (custom_interfaces) StdoutLine: {'line': b'[100%] Built target custom_interfaces__rosidl_typesupport_introspection_c__pyext\n'}
[14.978758] (custom_interfaces) StdoutLine: {'line': b'[100%] Built target custom_interfaces__rosidl_typesupport_c__pyext\n'}
[14.988217] (custom_interfaces) StdoutLine: {'line': b'[100%] Built target custom_interfaces__rosidl_typesupport_fastrtps_c__pyext\n'}
[14.988617] (-) TimerEvent: {}
[15.017927] (custom_interfaces) CommandEnded: {'returncode': 0}
[15.020502] (custom_interfaces) JobProgress: {'identifier': 'custom_interfaces', 'progress': 'install'}
[15.044406] (custom_interfaces) Command: {'cmd': ['/usr/bin/cmake', '--install', '/workspaces/isaac_ros-dev/ros2_ws/object-detection-jai0307-notatallVishal/build/custom_interfaces'], 'cwd': '/workspaces/isaac_ros-dev/ros2_ws/object-detection-jai0307-notatallVishal/build/custom_interfaces', 'env': OrderedDict([('LIBRARY_PATH', '/usr/local/cuda/lib64/stubs'), ('PYTHONWARNINGS', 'ignore:::setuptools.command.install,ignore:::setuptools.command.easy_install,ignore:::pkg_resources,ignore:::setuptools.command.develop'), ('NV_LIBCUBLAS_VERSION', '12.6.1.4-1'), ('USER', 'autorobo'), ('NV_CUDA_NSIGHT_COMPUTE_VERSION', '12.6.11-1'), ('HOSTNAME', 'autorobo-desktop'), ('SSH_AGENT_PID', '132308'), ('SHLVL', '1'), ('LD_LIBRARY_PATH', '/workspaces/isaac_ros-dev/ros2_ws/install/custom_interfaces/lib:/workspaces/isaac_ros-dev/ros2_ws/install/action_client/lib:/workspaces/isaac_ros-dev/ros2_ws/object-detection-jai0307-notatallVishal/install/action_client/lib:/opt/ros/humble/opt/rviz_ogre_vendor/lib:/opt/ros/humble/lib/aarch64-linux-gnu:/opt/ros/humble/lib:/usr/lib/aarch64-linux-gnu/tegra/weston:/usr/lib/aarch64-linux-gnu/tegra-egl:/usr/local/cuda-12.6/targets/aarch64-linux/lib:/usr/lib/aarch64-linux-gnu/tegra:/opt/nvidia/vpi3/lib64:/usr/local/libcudss-linux-0.3.0.9_cuda12-archive/lib:/usr/local/nvidia/lib:/usr/local/nvidia/lib64:/usr/lib/aarch64-linux-gnu-host:/opt/tritonserver/lib'), ('HOME', '/home/admin'), ('OLDPWD', '/workspaces/isaac_ros-dev/ros2_ws'), ('HOST_USER_GID', '1001'), ('NV_LIBCUBLAS_DEV_VERSION', '12.6.1.4-1'), ('ROS_PYTHON_VERSION', '3'), ('NVIDIA_PVA_DEVICE', 'all'), ('NV_LIBNPP_PACKAGE', 'libnpp-12-6=12.3.1.54-1'), ('CUDA_VERSION', '12.6.11'), ('COLCON_PREFIX_PATH', '/workspaces/isaac_ros-dev/ros2_ws/install:/workspaces/isaac_ros-dev/ros2_ws/object-detection-jai0307-notatallVishal/install'), ('ROS_DISTRO', 'humble'), ('NV_LIBCUBLAS_PACKAGE_NAME', 'libcublas-12-6'), ('NVIDIA_REQUIRE_CUDA', 'cuda>=12.6'), ('_', '/usr/bin/colcon'), ('ROS_VERSION', '2'), ('NV_LIBCUSPARSE_VERSION', '12.5.3.3-1'), ('NVIDIA_DRIVER_CAPABILITIES', 'all'), ('NV_CUDA_LIB_VERSION', '12.6.11-1'), ('NV_NVML_DEV_VERSION', '12.6.68-1'), ('USERNAME', 'admin'), ('NV_LIBNPP_DEV_PACKAGE', 'libnpp-dev-12-6=12.3.1.54-1'), ('TERM', 'xterm'), ('ISAAC_ROS_WS', '/workspaces/isaac_ros-dev'), ('NV_CUDA_CUDART_VERSION', '12.6.68-1'), ('ROS_LOCALHOST_ONLY', '0'), ('PATH', '/opt/ros/humble/bin:/opt/ros/humble/vcstool/scripts:/usr/local/nvidia/bin:/usr/local/cuda/bin:/usr/src/tensorrt/bin:/usr/local/nvidia/bin:/usr/local/cuda/bin:/usr/local/sbin:/usr/local/bin:/usr/sbin:/usr/bin:/sbin:/bin'), ('NV_LIBCUBLAS_DEV_PACKAGE_NAME', 'libcublas-dev-12-6'), ('NV_LIBCUBLAS_PACKAGE', 'libcublas-12-6=12.6.1.4-1'), ('HOST_USER_UID', '1000'), ('NVARCH', 'arm64'), ('CUDSS_DIR', '/usr/local/libcudss-linux-0.3.0.9_cuda12-archive'), ('NV_LIBCUSPARSE_DEV_VERSION', '12.5.3.3-1'), ('DISPLAY', ':1'), ('NVIDIA_PRODUCT_NAME', 'CUDA'), ('LANG', 'en_US.UTF-8'), ('RMW_IMPLEMENTATION', 'rmw_fastrtps_cpp'), ('NV_CUDA_CUDART_DEV_VERSION', '12.6.68-1'), ('ROS_ROOT', '/opt/ros/humble'), ('SSH_AUTH_SOCK', '/tmp/ssh-XXXXXXmvrixz/agent.132307'), ('AMENT_PREFIX_PATH', '/workspaces/isaac_ros-dev/ros2_ws/install/custom_interfaces:/workspaces/isaac_ros-dev/ros2_ws/install/input:/workspaces/isaac_ros-dev/ros2_ws/install/action_server:/workspaces/isaac_ros-dev/ros2_ws/install/action_client:/workspaces/isaac_ros-dev/ros2_ws/object-detection-jai0307-notatallVishal/install/input:/workspaces/isaac_ros-dev/ros2_ws/object-detection-jai0307-notatallVishal/install/action_client:/opt/ros/humble'), ('DEBIAN_FRONTEND', 'noninteractive'), ('SHELL', '/bin/bash'), ('TRT_INCLUDE_PATH', '/usr/include/aarch64-linux-gnu'), ('NV_LIBCUBLAS_DEV_PACKAGE', 'libcublas-dev-12-6=12.6.1.4-1'), ('NV_CUDA_NSIGHT_COMPUTE_DEV_PACKAGE', 'cuda-nsight-compute-12-6=12.6.11-1'), ('NVIDIA_REQUIRE_JETPACK_HOST_MOUNTS', 'base-only'), ('NV_NVTX_VERSION', '12.6.68-1'), ('NV_LIBNPP_VERSION', '12.3.1.54-1'), ('PWD', '/workspaces/isaac_ros-dev/ros2_ws/object-detection-jai0307-notatallVishal/build/custom_interfaces'), ('PYTHONPATH', '/workspaces/isaac_ros-dev/ros2_ws/install/custom_interfaces/local/lib/python3.10/dist-packages:/workspaces/isaac_ros-dev/ros2_ws/install/action_client/local/lib/python3.10/dist-packages:/workspaces/isaac_ros-dev/ros2_ws/object-detection-jai0307-notatallVishal/install/action_client/local/lib/python3.10/dist-packages:/opt/ros/humble/lib/python3.10/site-packages:/opt/ros/humble/local/lib/python3.10/dist-packages:/opt/ros/humble/vcstool:'), ('NVIDIA_VISIBLE_DEVICES', 'void'), ('COLCON', '1'), ('NV_LIBNPP_DEV_VERSION', '12.3.1.54-1'), ('CMAKE_PREFIX_PATH', '/workspaces/isaac_ros-dev/ros2_ws/install/custom_interfaces:/workspaces/isaac_ros-dev/ros2_ws/install/input:/workspaces/isaac_ros-dev/ros2_ws/install/action_server:/workspaces/isaac_ros-dev/ros2_ws/install/action_client:/workspaces/isaac_ros-dev/ros2_ws/object-detection-jai0307-notatallVishal/install/input:/workspaces/isaac_ros-dev/ros2_ws/object-detection-jai0307-notatallVishal/install/action_client:/usr/local/libcudss-linux-0.3.0.9_cuda12-archive::/opt/ros/humble'), ('TRT_LIB_PATH', '/usr/lib/aarch64-linux-gnu')]), 'shell': False}
[15.065641] (custom_interfaces) StdoutLine: {'line': b'-- Install configuration: ""\n'}
[15.066193] (custom_interfaces) StdoutLine: {'line': b'-- Installing: /workspaces/isaac_ros-dev/ros2_ws/object-detection-jai0307-notatallVishal/install/custom_interfaces/share/ament_index/resource_index/rosidl_interfaces/custom_interfaces\n'}
[15.066572] (custom_interfaces) StdoutLine: {'line': b'-- Installing: /workspaces/isaac_ros-dev/ros2_ws/object-detection-jai0307-notatallVishal/install/custom_interfaces/include/custom_interfaces/custom_interfaces\n'}
[15.066907] (custom_interfaces) StdoutLine: {'line': b'-- Installing: /workspaces/isaac_ros-dev/ros2_ws/object-detection-jai0307-notatallVishal/install/custom_interfaces/include/custom_interfaces/custom_interfaces/msg\n'}
[15.067217] (custom_interfaces) StdoutLine: {'line': b'-- Installing: /workspaces/isaac_ros-dev/ros2_ws/object-detection-jai0307-notatallVishal/install/custom_interfaces/include/custom_interfaces/custom_interfaces/msg/rosidl_generator_c__visibility_control.h\n'}
[15.067630] (custom_interfaces) StdoutLine: {'line': b'-- Installing: /workspaces/isaac_ros-dev/ros2_ws/object-detection-jai0307-notatallVishal/install/custom_interfaces/include/custom_interfaces/custom_interfaces/action\n'}
[15.067956] (custom_interfaces) StdoutLine: {'line': b'-- Installing: /workspaces/isaac_ros-dev/ros2_ws/object-detection-jai0307-notatallVishal/install/custom_interfaces/include/custom_interfaces/custom_interfaces/action/detail\n'}
[15.068281] (custom_interfaces) StdoutLine: {'line': b'-- Installing: /workspaces/isaac_ros-dev/ros2_ws/object-detection-jai0307-notatallVishal/install/custom_interfaces/include/custom_interfaces/custom_interfaces/action/detail/detect__type_support.h\n'}
[15.068524] (custom_interfaces) StdoutLine: {'line': b'-- Installing: /workspaces/isaac_ros-dev/ros2_ws/object-detection-jai0307-notatallVishal/install/custom_interfaces/include/custom_interfaces/custom_interfaces/action/detail/detect__functions.c\n'}
[15.068820] (custom_interfaces) StdoutLine: {'line': b'-- Installing: /workspaces/isaac_ros-dev/ros2_ws/object-detection-jai0307-notatallVishal/install/custom_interfaces/include/custom_interfaces/custom_interfaces/action/detail/detect__functions.h\n'}
[15.069135] (custom_interfaces) StdoutLine: {'line': b'-- Installing: /workspaces/isaac_ros-dev/ros2_ws/object-detection-jai0307-notatallVishal/install/custom_interfaces/include/custom_interfaces/custom_interfaces/action/detail/detect__struct.h\n'}
[15.069441] (custom_interfaces) StdoutLine: {'line': b'-- Installing: /workspaces/isaac_ros-dev/ros2_ws/object-detection-jai0307-notatallVishal/install/custom_interfaces/include/custom_interfaces/custom_interfaces/action/detect.h\n'}
[15.069811] (custom_interfaces) StdoutLine: {'line': b'-- Installing: /workspaces/isaac_ros-dev/ros2_ws/object-detection-jai0307-notatallVishal/install/custom_interfaces/share/custom_interfaces/environment/library_path.sh\n'}
[15.070159] (custom_interfaces) StdoutLine: {'line': b'-- Installing: /workspaces/isaac_ros-dev/ros2_ws/object-detection-jai0307-notatallVishal/install/custom_interfaces/share/custom_interfaces/environment/library_path.dsv\n'}
[15.070580] (custom_interfaces) StdoutLine: {'line': b'-- Installing: /workspaces/isaac_ros-dev/ros2_ws/object-detection-jai0307-notatallVishal/install/custom_interfaces/lib/libcustom_interfaces__rosidl_generator_c.so\n'}
[15.071301] (custom_interfaces) StdoutLine: {'line': b'-- Set runtime path of "/workspaces/isaac_ros-dev/ros2_ws/object-detection-jai0307-notatallVishal/install/custom_interfaces/lib/libcustom_interfaces__rosidl_generator_c.so" to ""\n'}
[15.071607] (custom_interfaces) StdoutLine: {'line': b'-- Up-to-date: /workspaces/isaac_ros-dev/ros2_ws/object-detection-jai0307-notatallVishal/install/custom_interfaces/include/custom_interfaces/custom_interfaces\n'}
[15.071989] (custom_interfaces) StdoutLine: {'line': b'-- Up-to-date: /workspaces/isaac_ros-dev/ros2_ws/object-detection-jai0307-notatallVishal/install/custom_interfaces/include/custom_interfaces/custom_interfaces/msg\n'}
[15.072279] (custom_interfaces) StdoutLine: {'line': b'-- Installing: /workspaces/isaac_ros-dev/ros2_ws/object-detection-jai0307-notatallVishal/install/custom_interfaces/include/custom_interfaces/custom_interfaces/msg/rosidl_typesupport_fastrtps_c__visibility_control.h\n'}
[15.072573] (custom_interfaces) StdoutLine: {'line': b'-- Up-to-date: /workspaces/isaac_ros-dev/ros2_ws/object-detection-jai0307-notatallVishal/install/custom_interfaces/include/custom_interfaces/custom_interfaces/action\n'}
[15.072803] (custom_interfaces) StdoutLine: {'line': b'-- Up-to-date: /workspaces/isaac_ros-dev/ros2_ws/object-detection-jai0307-notatallVishal/install/custom_interfaces/include/custom_interfaces/custom_interfaces/action/detail\n'}
[15.073024] (custom_interfaces) StdoutLine: {'line': b'-- Installing: /workspaces/isaac_ros-dev/ros2_ws/object-detection-jai0307-notatallVishal/install/custom_interfaces/include/custom_interfaces/custom_interfaces/action/detail/detect__rosidl_typesupport_fastrtps_c.h\n'}
[15.073391] (custom_interfaces) StdoutLine: {'line': b'-- Installing: /workspaces/isaac_ros-dev/ros2_ws/object-detection-jai0307-notatallVishal/install/custom_interfaces/lib/libcustom_interfaces__rosidl_typesupport_fastrtps_c.so\n'}
[15.073724] (custom_interfaces) StdoutLine: {'line': b'-- Set runtime path of "/workspaces/isaac_ros-dev/ros2_ws/object-detection-jai0307-notatallVishal/install/custom_interfaces/lib/libcustom_interfaces__rosidl_typesupport_fastrtps_c.so" to ""\n'}
[15.074049] (custom_interfaces) StdoutLine: {'line': b'-- Up-to-date: /workspaces/isaac_ros-dev/ros2_ws/object-detection-jai0307-notatallVishal/install/custom_interfaces/include/custom_interfaces/custom_interfaces\n'}
[15.074331] (custom_interfaces) StdoutLine: {'line': b'-- Up-to-date: /workspaces/isaac_ros-dev/ros2_ws/object-detection-jai0307-notatallVishal/install/custom_interfaces/include/custom_interfaces/custom_interfaces/msg\n'}
[15.074615] (custom_interfaces) StdoutLine: {'line': b'-- Installing: /workspaces/isaac_ros-dev/ros2_ws/object-detection-jai0307-notatallVishal/install/custom_interfaces/include/custom_interfaces/custom_interfaces/msg/rosidl_generator_cpp__visibility_control.hpp\n'}
[15.074897] (custom_interfaces) StdoutLine: {'line': b'-- Up-to-date: /workspaces/isaac_ros-dev/ros2_ws/object-detection-jai0307-notatallVishal/install/custom_interfaces/include/custom_interfaces/custom_interfaces/action\n'}
[15.075206] (custom_interfaces) StdoutLine: {'line': b'-- Installing: /workspaces/isaac_ros-dev/ros2_ws/object-detection-jai0307-notatallVishal/install/custom_interfaces/include/custom_interfaces/custom_interfaces/action/detect.hpp\n'}
[15.075537] (custom_interfaces) StdoutLine: {'line': b'-- Up-to-date: /workspaces/isaac_ros-dev/ros2_ws/object-detection-jai0307-notatallVishal/install/custom_interfaces/include/custom_interfaces/custom_interfaces/action/detail\n'}
[15.075929] (custom_interfaces) StdoutLine: {'line': b'-- Installing: /workspaces/isaac_ros-dev/ros2_ws/object-detection-jai0307-notatallVishal/install/custom_interfaces/include/custom_interfaces/custom_interfaces/action/detail/detect__builder.hpp\n'}
[15.076177] (custom_interfaces) StdoutLine: {'line': b'-- Installing: /workspaces/isaac_ros-dev/ros2_ws/object-detection-jai0307-notatallVishal/install/custom_interfaces/include/custom_interfaces/custom_interfaces/action/detail/detect__traits.hpp\n'}
[15.076401] (custom_interfaces) StdoutLine: {'line': b'-- Installing: /workspaces/isaac_ros-dev/ros2_ws/object-detection-jai0307-notatallVishal/install/custom_interfaces/include/custom_interfaces/custom_interfaces/action/detail/detect__struct.hpp\n'}
[15.076765] (custom_interfaces) StdoutLine: {'line': b'-- Installing: /workspaces/isaac_ros-dev/ros2_ws/object-detection-jai0307-notatallVishal/install/custom_interfaces/include/custom_interfaces/custom_interfaces/action/detail/detect__type_support.hpp\n'}
[15.077005] (custom_interfaces) StdoutLine: {'line': b'-- Up-to-date: /workspaces/isaac_ros-dev/ros2_ws/object-detection-jai0307-notatallVishal/install/custom_interfaces/include/custom_interfaces/custom_interfaces\n'}
[15.077284] (custom_interfaces) StdoutLine: {'line': b'-- Up-to-date: /workspaces/isaac_ros-dev/ros2_ws/object-detection-jai0307-notatallVishal/install/custom_interfaces/include/custom_interfaces/custom_interfaces/msg\n'}
[15.077509] (custom_interfaces) StdoutLine: {'line': b'-- Installing: /workspaces/isaac_ros-dev/ros2_ws/object-detection-jai0307-notatallVishal/install/custom_interfaces/include/custom_interfaces/custom_interfaces/msg/rosidl_typesupport_fastrtps_cpp__visibility_control.h\n'}
[15.077732] (custom_interfaces) StdoutLine: {'line': b'-- Up-to-date: /workspaces/isaac_ros-dev/ros2_ws/object-detection-jai0307-notatallVishal/install/custom_interfaces/include/custom_interfaces/custom_interfaces/action\n'}
[15.078085] (custom_interfaces) StdoutLine: {'line': b'-- Up-to-date: /workspaces/isaac_ros-dev/ros2_ws/object-detection-jai0307-notatallVishal/install/custom_interfaces/include/custom_interfaces/custom_interfaces/action/detail\n'}
[15.078404] (custom_interfaces) StdoutLine: {'line': b'-- Installing: /workspaces/isaac_ros-dev/ros2_ws/object-detection-jai0307-notatallVishal/install/custom_interfaces/include/custom_interfaces/custom_interfaces/action/detail/detect__rosidl_typesupport_fastrtps_cpp.hpp\n'}
[15.078693] (custom_interfaces) StdoutLine: {'line': b'-- Installing: /workspaces/isaac_ros-dev/ros2_ws/object-detection-jai0307-notatallVishal/install/custom_interfaces/include/custom_interfaces/custom_interfaces/action/detail/dds_fastrtps\n'}
[15.078923] (custom_interfaces) StdoutLine: {'line': b'-- Installing: /workspaces/isaac_ros-dev/ros2_ws/object-detection-jai0307-notatallVishal/install/custom_interfaces/lib/libcustom_interfaces__rosidl_typesupport_fastrtps_cpp.so\n'}
[15.079242] (custom_interfaces) StdoutLine: {'line': b'-- Set runtime path of "/workspaces/isaac_ros-dev/ros2_ws/object-detection-jai0307-notatallVishal/install/custom_interfaces/lib/libcustom_interfaces__rosidl_typesupport_fastrtps_cpp.so" to ""\n'}
[15.079540] (custom_interfaces) StdoutLine: {'line': b'-- Up-to-date: /workspaces/isaac_ros-dev/ros2_ws/object-detection-jai0307-notatallVishal/install/custom_interfaces/include/custom_interfaces/custom_interfaces\n'}
[15.079834] (custom_interfaces) StdoutLine: {'line': b'-- Up-to-date: /workspaces/isaac_ros-dev/ros2_ws/object-detection-jai0307-notatallVishal/install/custom_interfaces/include/custom_interfaces/custom_interfaces/msg\n'}
[15.080155] (custom_interfaces) StdoutLine: {'line': b'-- Installing: /workspaces/isaac_ros-dev/ros2_ws/object-detection-jai0307-notatallVishal/install/custom_interfaces/include/custom_interfaces/custom_interfaces/msg/rosidl_typesupport_introspection_c__visibility_control.h\n'}
[15.080460] (custom_interfaces) StdoutLine: {'line': b'-- Up-to-date: /workspaces/isaac_ros-dev/ros2_ws/object-detection-jai0307-notatallVishal/install/custom_interfaces/include/custom_interfaces/custom_interfaces/action\n'}
[15.080689] (custom_interfaces) StdoutLine: {'line': b'-- Up-to-date: /workspaces/isaac_ros-dev/ros2_ws/object-detection-jai0307-notatallVishal/install/custom_interfaces/include/custom_interfaces/custom_interfaces/action/detail\n'}
[15.080908] (custom_interfaces) StdoutLine: {'line': b'-- Installing: /workspaces/isaac_ros-dev/ros2_ws/object-detection-jai0307-notatallVishal/install/custom_interfaces/include/custom_interfaces/custom_interfaces/action/detail/detect__type_support.c\n'}
[15.081318] (custom_interfaces) StdoutLine: {'line': b'-- Installing: /workspaces/isaac_ros-dev/ros2_ws/object-detection-jai0307-notatallVishal/install/custom_interfaces/include/custom_interfaces/custom_interfaces/action/detail/detect__rosidl_typesupport_introspection_c.h\n'}
[15.081614] (custom_interfaces) StdoutLine: {'line': b'-- Installing: /workspaces/isaac_ros-dev/ros2_ws/object-detection-jai0307-notatallVishal/install/custom_interfaces/lib/libcustom_interfaces__rosidl_typesupport_introspection_c.so\n'}
[15.081855] (custom_interfaces) StdoutLine: {'line': b'-- Set runtime path of "/workspaces/isaac_ros-dev/ros2_ws/object-detection-jai0307-notatallVishal/install/custom_interfaces/lib/libcustom_interfaces__rosidl_typesupport_introspection_c.so" to ""\n'}
[15.082149] (custom_interfaces) StdoutLine: {'line': b'-- Installing: /workspaces/isaac_ros-dev/ros2_ws/object-detection-jai0307-notatallVishal/install/custom_interfaces/lib/libcustom_interfaces__rosidl_typesupport_c.so\n'}
[15.082379] (custom_interfaces) StdoutLine: {'line': b'-- Set runtime path of "/workspaces/isaac_ros-dev/ros2_ws/object-detection-jai0307-notatallVishal/install/custom_interfaces/lib/libcustom_interfaces__rosidl_typesupport_c.so" to ""\n'}
[15.082598] (custom_interfaces) StdoutLine: {'line': b'-- Up-to-date: /workspaces/isaac_ros-dev/ros2_ws/object-detection-jai0307-notatallVishal/install/custom_interfaces/include/custom_interfaces/custom_interfaces\n'}
[15.082922] (custom_interfaces) StdoutLine: {'line': b'-- Up-to-date: /workspaces/isaac_ros-dev/ros2_ws/object-detection-jai0307-notatallVishal/install/custom_interfaces/include/custom_interfaces/custom_interfaces/action\n'}
[15.083187] (custom_interfaces) StdoutLine: {'line': b'-- Up-to-date: /workspaces/isaac_ros-dev/ros2_ws/object-detection-jai0307-notatallVishal/install/custom_interfaces/include/custom_interfaces/custom_interfaces/action/detail\n'}
[15.083410] (custom_interfaces) StdoutLine: {'line': b'-- Installing: /workspaces/isaac_ros-dev/ros2_ws/object-detection-jai0307-notatallVishal/install/custom_interfaces/include/custom_interfaces/custom_interfaces/action/detail/detect__rosidl_typesupport_introspection_cpp.hpp\n'}
[15.083743] (custom_interfaces) StdoutLine: {'line': b'-- Installing: /workspaces/isaac_ros-dev/ros2_ws/object-detection-jai0307-notatallVishal/install/custom_interfaces/include/custom_interfaces/custom_interfaces/action/detail/detect__type_support.cpp\n'}
[15.084076] (custom_interfaces) StdoutLine: {'line': b'-- Installing: /workspaces/isaac_ros-dev/ros2_ws/object-detection-jai0307-notatallVishal/install/custom_interfaces/lib/libcustom_interfaces__rosidl_typesupport_introspection_cpp.so\n'}
[15.084368] (custom_interfaces) StdoutLine: {'line': b'-- Set runtime path of "/workspaces/isaac_ros-dev/ros2_ws/object-detection-jai0307-notatallVishal/install/custom_interfaces/lib/libcustom_interfaces__rosidl_typesupport_introspection_cpp.so" to ""\n'}
[15.084654] (custom_interfaces) StdoutLine: {'line': b'-- Installing: /workspaces/isaac_ros-dev/ros2_ws/object-detection-jai0307-notatallVishal/install/custom_interfaces/lib/libcustom_interfaces__rosidl_typesupport_cpp.so\n'}
[15.084942] (custom_interfaces) StdoutLine: {'line': b'-- Set runtime path of "/workspaces/isaac_ros-dev/ros2_ws/object-detection-jai0307-notatallVishal/install/custom_interfaces/lib/libcustom_interfaces__rosidl_typesupport_cpp.so" to ""\n'}
[15.085222] (custom_interfaces) StdoutLine: {'line': b'-- Installing: /workspaces/isaac_ros-dev/ros2_ws/object-detection-jai0307-notatallVishal/install/custom_interfaces/share/custom_interfaces/environment/pythonpath.sh\n'}
[15.085506] (custom_interfaces) StdoutLine: {'line': b'-- Installing: /workspaces/isaac_ros-dev/ros2_ws/object-detection-jai0307-notatallVishal/install/custom_interfaces/share/custom_interfaces/environment/pythonpath.dsv\n'}
[15.085824] (custom_interfaces) StdoutLine: {'line': b'-- Installing: /workspaces/isaac_ros-dev/ros2_ws/object-detection-jai0307-notatallVishal/install/custom_interfaces/local/lib/python3.10/dist-packages/custom_interfaces-0.0.0-py3.10.egg-info\n'}
[15.086054] (custom_interfaces) StdoutLine: {'line': b'-- Installing: /workspaces/isaac_ros-dev/ros2_ws/object-detection-jai0307-notatallVishal/install/custom_interfaces/local/lib/python3.10/dist-packages/custom_interfaces-0.0.0-py3.10.egg-info/dependency_links.txt\n'}
[15.086400] (custom_interfaces) StdoutLine: {'line': b'-- Installing: /workspaces/isaac_ros-dev/ros2_ws/object-detection-jai0307-notatallVishal/install/custom_interfaces/local/lib/python3.10/dist-packages/custom_interfaces-0.0.0-py3.10.egg-info/SOURCES.txt\n'}
[15.086699] (custom_interfaces) StdoutLine: {'line': b'-- Installing: /workspaces/isaac_ros-dev/ros2_ws/object-detection-jai0307-notatallVishal/install/custom_interfaces/local/lib/python3.10/dist-packages/custom_interfaces-0.0.0-py3.10.egg-info/PKG-INFO\n'}
[15.087033] (custom_interfaces) StdoutLine: {'line': b'-- Installing: /workspaces/isaac_ros-dev/ros2_ws/object-detection-jai0307-notatallVishal/install/custom_interfaces/local/lib/python3.10/dist-packages/custom_interfaces-0.0.0-py3.10.egg-info/top_level.txt\n'}
[15.087296] (custom_interfaces) StdoutLine: {'line': b'-- Installing: /workspaces/isaac_ros-dev/ros2_ws/object-detection-jai0307-notatallVishal/install/custom_interfaces/local/lib/python3.10/dist-packages/custom_interfaces\n'}
[15.087597] (custom_interfaces) StdoutLine: {'line': b'-- Installing: /workspaces/isaac_ros-dev/ros2_ws/object-detection-jai0307-notatallVishal/install/custom_interfaces/local/lib/python3.10/dist-packages/custom_interfaces/_custom_interfaces_s.ep.rosidl_typesupport_c.c\n'}
[15.087897] (custom_interfaces) StdoutLine: {'line': b'-- Installing: /workspaces/isaac_ros-dev/ros2_ws/object-detection-jai0307-notatallVishal/install/custom_interfaces/local/lib/python3.10/dist-packages/custom_interfaces/custom_interfaces_s__rosidl_typesupport_introspection_c.cpython-310-aarch64-linux-gnu.so\n'}
[15.088205] (custom_interfaces) StdoutLine: {'line': b'-- Installing: /workspaces/isaac_ros-dev/ros2_ws/object-detection-jai0307-notatallVishal/install/custom_interfaces/local/lib/python3.10/dist-packages/custom_interfaces/libcustom_interfaces__rosidl_generator_py.so\n'}
[15.088499] (custom_interfaces) StdoutLine: {'line': b'-- Installing: /workspaces/isaac_ros-dev/ros2_ws/object-detection-jai0307-notatallVishal/install/custom_interfaces/local/lib/python3.10/dist-packages/custom_interfaces/action\n'}
[15.088782] (-) TimerEvent: {}
[15.089149] (custom_interfaces) StdoutLine: {'line': b'-- Installing: /workspaces/isaac_ros-dev/ros2_ws/object-detection-jai0307-notatallVishal/install/custom_interfaces/local/lib/python3.10/dist-packages/custom_interfaces/action/_detect_s.c\n'}
[15.089663] (custom_interfaces) StdoutLine: {'line': b'-- Installing: /workspaces/isaac_ros-dev/ros2_ws/object-detection-jai0307-notatallVishal/install/custom_interfaces/local/lib/python3.10/dist-packages/custom_interfaces/action/__init__.py\n'}
[15.089919] (custom_interfaces) StdoutLine: {'line': b'-- Installing: /workspaces/isaac_ros-dev/ros2_ws/object-detection-jai0307-notatallVishal/install/custom_interfaces/local/lib/python3.10/dist-packages/custom_interfaces/action/_detect.py\n'}
[15.090148] (custom_interfaces) StdoutLine: {'line': b'-- Installing: /workspaces/isaac_ros-dev/ros2_ws/object-detection-jai0307-notatallVishal/install/custom_interfaces/local/lib/python3.10/dist-packages/custom_interfaces/custom_interfaces_s__rosidl_typesupport_c.cpython-310-aarch64-linux-gnu.so\n'}
[15.090373] (custom_interfaces) StdoutLine: {'line': b'-- Installing: /workspaces/isaac_ros-dev/ros2_ws/object-detection-jai0307-notatallVishal/install/custom_interfaces/local/lib/python3.10/dist-packages/custom_interfaces/custom_interfaces_s__rosidl_typesupport_fastrtps_c.cpython-310-aarch64-linux-gnu.so\n'}
[15.090594] (custom_interfaces) StdoutLine: {'line': b'-- Installing: /workspaces/isaac_ros-dev/ros2_ws/object-detection-jai0307-notatallVishal/install/custom_interfaces/local/lib/python3.10/dist-packages/custom_interfaces/__init__.py\n'}
[15.090809] (custom_interfaces) StdoutLine: {'line': b'-- Installing: /workspaces/isaac_ros-dev/ros2_ws/object-detection-jai0307-notatallVishal/install/custom_interfaces/local/lib/python3.10/dist-packages/custom_interfaces/_custom_interfaces_s.ep.rosidl_typesupport_fastrtps_c.c\n'}
[15.091024] (custom_interfaces) StdoutLine: {'line': b'-- Installing: /workspaces/isaac_ros-dev/ros2_ws/object-detection-jai0307-notatallVishal/install/custom_interfaces/local/lib/python3.10/dist-packages/custom_interfaces/_custom_interfaces_s.ep.rosidl_typesupport_introspection_c.c\n'}
[15.188742] (custom_interfaces) StdoutLine: {'line': b"Listing '/workspaces/isaac_ros-dev/ros2_ws/object-detection-jai0307-notatallVishal/install/custom_interfaces/local/lib/python3.10/dist-packages/custom_interfaces'...\n"}
[15.189291] (-) TimerEvent: {}
[15.189660] (custom_interfaces) StdoutLine: {'line': b"Compiling '/workspaces/isaac_ros-dev/ros2_ws/object-detection-jai0307-notatallVishal/install/custom_interfaces/local/lib/python3.10/dist-packages/custom_interfaces/__init__.py'...\n"}
[15.190201] (custom_interfaces) StdoutLine: {'line': b"Listing '/workspaces/isaac_ros-dev/ros2_ws/object-detection-jai0307-notatallVishal/install/custom_interfaces/local/lib/python3.10/dist-packages/custom_interfaces/action'...\n"}
[15.190452] (custom_interfaces) StdoutLine: {'line': b"Compiling '/workspaces/isaac_ros-dev/ros2_ws/object-detection-jai0307-notatallVishal/install/custom_interfaces/local/lib/python3.10/dist-packages/custom_interfaces/action/__init__.py'...\n"}
[15.190757] (custom_interfaces) StdoutLine: {'line': b"Compiling '/workspaces/isaac_ros-dev/ros2_ws/object-detection-jai0307-notatallVishal/install/custom_interfaces/local/lib/python3.10/dist-packages/custom_interfaces/action/_detect.py'...\n"}
[15.202368] (custom_interfaces) StdoutLine: {'line': b'-- Installing: /workspaces/isaac_ros-dev/ros2_ws/object-detection-jai0307-notatallVishal/install/custom_interfaces/local/lib/python3.10/dist-packages/custom_interfaces/custom_interfaces_s__rosidl_typesupport_fastrtps_c.cpython-310-aarch64-linux-gnu.so\n'}
[15.203040] (custom_interfaces) StdoutLine: {'line': b'-- Set runtime path of "/workspaces/isaac_ros-dev/ros2_ws/object-detection-jai0307-notatallVishal/install/custom_interfaces/local/lib/python3.10/dist-packages/custom_interfaces/custom_interfaces_s__rosidl_typesupport_fastrtps_c.cpython-310-aarch64-linux-gnu.so" to ""\n'}
[15.203442] (custom_interfaces) StdoutLine: {'line': b'-- Installing: /workspaces/isaac_ros-dev/ros2_ws/object-detection-jai0307-notatallVishal/install/custom_interfaces/local/lib/python3.10/dist-packages/custom_interfaces/custom_interfaces_s__rosidl_typesupport_introspection_c.cpython-310-aarch64-linux-gnu.so\n'}
[15.204160] (custom_interfaces) StdoutLine: {'line': b'-- Set runtime path of "/workspaces/isaac_ros-dev/ros2_ws/object-detection-jai0307-notatallVishal/install/custom_interfaces/local/lib/python3.10/dist-packages/custom_interfaces/custom_interfaces_s__rosidl_typesupport_introspection_c.cpython-310-aarch64-linux-gnu.so" to ""\n'}
[15.204595] (custom_interfaces) StdoutLine: {'line': b'-- Installing: /workspaces/isaac_ros-dev/ros2_ws/object-detection-jai0307-notatallVishal/install/custom_interfaces/local/lib/python3.10/dist-packages/custom_interfaces/custom_interfaces_s__rosidl_typesupport_c.cpython-310-aarch64-linux-gnu.so\n'}
[15.205259] (custom_interfaces) StdoutLine: {'line': b'-- Set runtime path of "/workspaces/isaac_ros-dev/ros2_ws/object-detection-jai0307-notatallVishal/install/custom_interfaces/local/lib/python3.10/dist-packages/custom_interfaces/custom_interfaces_s__rosidl_typesupport_c.cpython-310-aarch64-linux-gnu.so" to ""\n'}
[15.205580] (custom_interfaces) StdoutLine: {'line': b'-- Installing: /workspaces/isaac_ros-dev/ros2_ws/object-detection-jai0307-notatallVishal/install/custom_interfaces/lib/libcustom_interfaces__rosidl_generator_py.so\n'}
[15.206147] (custom_interfaces) StdoutLine: {'line': b'-- Set runtime path of "/workspaces/isaac_ros-dev/ros2_ws/object-detection-jai0307-notatallVishal/install/custom_interfaces/lib/libcustom_interfaces__rosidl_generator_py.so" to ""\n'}
[15.206467] (custom_interfaces) StdoutLine: {'line': b'-- Installing: /workspaces/isaac_ros-dev/ros2_ws/object-detection-jai0307-notatallVishal/install/custom_interfaces/share/custom_interfaces/action/Detect.idl\n'}
[15.206783] (custom_interfaces) StdoutLine: {'line': b'-- Installing: /workspaces/isaac_ros-dev/ros2_ws/object-detection-jai0307-notatallVishal/install/custom_interfaces/share/custom_interfaces/action/Detect.action\n'}
[15.207204] (custom_interfaces) StdoutLine: {'line': b'-- Installing: /workspaces/isaac_ros-dev/ros2_ws/object-detection-jai0307-notatallVishal/install/custom_interfaces/share/ament_index/resource_index/package_run_dependencies/custom_interfaces\n'}
[15.207618] (custom_interfaces) StdoutLine: {'line': b'-- Installing: /workspaces/isaac_ros-dev/ros2_ws/object-detection-jai0307-notatallVishal/install/custom_interfaces/share/ament_index/resource_index/parent_prefix_path/custom_interfaces\n'}
[15.208029] (custom_interfaces) StdoutLine: {'line': b'-- Installing: /workspaces/isaac_ros-dev/ros2_ws/object-detection-jai0307-notatallVishal/install/custom_interfaces/share/custom_interfaces/environment/ament_prefix_path.sh\n'}
[15.208382] (custom_interfaces) StdoutLine: {'line': b'-- Installing: /workspaces/isaac_ros-dev/ros2_ws/object-detection-jai0307-notatallVishal/install/custom_interfaces/share/custom_interfaces/environment/ament_prefix_path.dsv\n'}
[15.208725] (custom_interfaces) StdoutLine: {'line': b'-- Installing: /workspaces/isaac_ros-dev/ros2_ws/object-detection-jai0307-notatallVishal/install/custom_interfaces/share/custom_interfaces/environment/path.sh\n'}
[15.209054] (custom_interfaces) StdoutLine: {'line': b'-- Installing: /workspaces/isaac_ros-dev/ros2_ws/object-detection-jai0307-notatallVishal/install/custom_interfaces/share/custom_interfaces/environment/path.dsv\n'}
[15.209375] (custom_interfaces) StdoutLine: {'line': b'-- Installing: /workspaces/isaac_ros-dev/ros2_ws/object-detection-jai0307-notatallVishal/install/custom_interfaces/share/custom_interfaces/local_setup.bash\n'}
[15.209769] (custom_interfaces) StdoutLine: {'line': b'-- Installing: /workspaces/isaac_ros-dev/ros2_ws/object-detection-jai0307-notatallVishal/install/custom_interfaces/share/custom_interfaces/local_setup.sh\n'}
[15.210093] (custom_interfaces) StdoutLine: {'line': b'-- Installing: /workspaces/isaac_ros-dev/ros2_ws/object-detection-jai0307-notatallVishal/install/custom_interfaces/share/custom_interfaces/local_setup.zsh\n'}
[15.210395] (custom_interfaces) StdoutLine: {'line': b'-- Installing: /workspaces/isaac_ros-dev/ros2_ws/object-detection-jai0307-notatallVishal/install/custom_interfaces/share/custom_interfaces/local_setup.dsv\n'}
[15.210988] (custom_interfaces) StdoutLine: {'line': b'-- Installing: /workspaces/isaac_ros-dev/ros2_ws/object-detection-jai0307-notatallVishal/install/custom_interfaces/share/custom_interfaces/package.dsv\n'}
[15.211309] (custom_interfaces) StdoutLine: {'line': b'-- Installing: /workspaces/isaac_ros-dev/ros2_ws/object-detection-jai0307-notatallVishal/install/custom_interfaces/share/ament_index/resource_index/packages/custom_interfaces\n'}
[15.211571] (custom_interfaces) StdoutLine: {'line': b'-- Installing: /workspaces/isaac_ros-dev/ros2_ws/object-detection-jai0307-notatallVishal/install/custom_interfaces/share/custom_interfaces/cmake/export_custom_interfaces__rosidl_generator_cExport.cmake\n'}
[15.211924] (custom_interfaces) StdoutLine: {'line': b'-- Installing: /workspaces/isaac_ros-dev/ros2_ws/object-detection-jai0307-notatallVishal/install/custom_interfaces/share/custom_interfaces/cmake/export_custom_interfaces__rosidl_generator_cExport-noconfig.cmake\n'}
[15.212265] (custom_interfaces) StdoutLine: {'line': b'-- Installing: /workspaces/isaac_ros-dev/ros2_ws/object-detection-jai0307-notatallVishal/install/custom_interfaces/share/custom_interfaces/cmake/export_custom_interfaces__rosidl_typesupport_fastrtps_cExport.cmake\n'}
[15.212580] (custom_interfaces) StdoutLine: {'line': b'-- Installing: /workspaces/isaac_ros-dev/ros2_ws/object-detection-jai0307-notatallVishal/install/custom_interfaces/share/custom_interfaces/cmake/export_custom_interfaces__rosidl_typesupport_fastrtps_cExport-noconfig.cmake\n'}
[15.212969] (custom_interfaces) StdoutLine: {'line': b'-- Installing: /workspaces/isaac_ros-dev/ros2_ws/object-detection-jai0307-notatallVishal/install/custom_interfaces/share/custom_interfaces/cmake/export_custom_interfaces__rosidl_generator_cppExport.cmake\n'}
[15.213417] (custom_interfaces) StdoutLine: {'line': b'-- Installing: /workspaces/isaac_ros-dev/ros2_ws/object-detection-jai0307-notatallVishal/install/custom_interfaces/share/custom_interfaces/cmake/export_custom_interfaces__rosidl_typesupport_fastrtps_cppExport.cmake\n'}
[15.213785] (custom_interfaces) StdoutLine: {'line': b'-- Installing: /workspaces/isaac_ros-dev/ros2_ws/object-detection-jai0307-notatallVishal/install/custom_interfaces/share/custom_interfaces/cmake/export_custom_interfaces__rosidl_typesupport_fastrtps_cppExport-noconfig.cmake\n'}
[15.214132] (custom_interfaces) StdoutLine: {'line': b'-- Installing: /workspaces/isaac_ros-dev/ros2_ws/object-detection-jai0307-notatallVishal/install/custom_interfaces/share/custom_interfaces/cmake/custom_interfaces__rosidl_typesupport_introspection_cExport.cmake\n'}
[15.214460] (custom_interfaces) StdoutLine: {'line': b'-- Installing: /workspaces/isaac_ros-dev/ros2_ws/object-detection-jai0307-notatallVishal/install/custom_interfaces/share/custom_interfaces/cmake/custom_interfaces__rosidl_typesupport_introspection_cExport-noconfig.cmake\n'}
[15.214773] (custom_interfaces) StdoutLine: {'line': b'-- Installing: /workspaces/isaac_ros-dev/ros2_ws/object-detection-jai0307-notatallVishal/install/custom_interfaces/share/custom_interfaces/cmake/custom_interfaces__rosidl_typesupport_cExport.cmake\n'}
[15.215124] (custom_interfaces) StdoutLine: {'line': b'-- Installing: /workspaces/isaac_ros-dev/ros2_ws/object-detection-jai0307-notatallVishal/install/custom_interfaces/share/custom_interfaces/cmake/custom_interfaces__rosidl_typesupport_cExport-noconfig.cmake\n'}
[15.215431] (custom_interfaces) StdoutLine: {'line': b'-- Installing: /workspaces/isaac_ros-dev/ros2_ws/object-detection-jai0307-notatallVishal/install/custom_interfaces/share/custom_interfaces/cmake/custom_interfaces__rosidl_typesupport_introspection_cppExport.cmake\n'}
[15.215730] (custom_interfaces) StdoutLine: {'line': b'-- Installing: /workspaces/isaac_ros-dev/ros2_ws/object-detection-jai0307-notatallVishal/install/custom_interfaces/share/custom_interfaces/cmake/custom_interfaces__rosidl_typesupport_introspection_cppExport-noconfig.cmake\n'}
[15.217438] (custom_interfaces) StdoutLine: {'line': b'-- Installing: /workspaces/isaac_ros-dev/ros2_ws/object-detection-jai0307-notatallVishal/install/custom_interfaces/share/custom_interfaces/cmake/custom_interfaces__rosidl_typesupport_cppExport.cmake\n'}
[15.217887] (custom_interfaces) StdoutLine: {'line': b'-- Installing: /workspaces/isaac_ros-dev/ros2_ws/object-detection-jai0307-notatallVishal/install/custom_interfaces/share/custom_interfaces/cmake/custom_interfaces__rosidl_typesupport_cppExport-noconfig.cmake\n'}
[15.218204] (custom_interfaces) StdoutLine: {'line': b'-- Installing: /workspaces/isaac_ros-dev/ros2_ws/object-detection-jai0307-notatallVishal/install/custom_interfaces/share/custom_interfaces/cmake/export_custom_interfaces__rosidl_generator_pyExport.cmake\n'}
[15.218701] (custom_interfaces) StdoutLine: {'line': b'-- Installing: /workspaces/isaac_ros-dev/ros2_ws/object-detection-jai0307-notatallVishal/install/custom_interfaces/share/custom_interfaces/cmake/export_custom_interfaces__rosidl_generator_pyExport-noconfig.cmake\n'}
[15.218984] (custom_interfaces) StdoutLine: {'line': b'-- Installing: /workspaces/isaac_ros-dev/ros2_ws/object-detection-jai0307-notatallVishal/install/custom_interfaces/share/custom_interfaces/cmake/rosidl_cmake-extras.cmake\n'}
[15.219229] (custom_interfaces) StdoutLine: {'line': b'-- Installing: /workspaces/isaac_ros-dev/ros2_ws/object-detection-jai0307-notatallVishal/install/custom_interfaces/share/custom_interfaces/cmake/ament_cmake_export_dependencies-extras.cmake\n'}
[15.219730] (custom_interfaces) StdoutLine: {'line': b'-- Installing: /workspaces/isaac_ros-dev/ros2_ws/object-detection-jai0307-notatallVishal/install/custom_interfaces/share/custom_interfaces/cmake/ament_cmake_export_include_directories-extras.cmake\n'}
[15.220160] (custom_interfaces) StdoutLine: {'line': b'-- Installing: /workspaces/isaac_ros-dev/ros2_ws/object-detection-jai0307-notatallVishal/install/custom_interfaces/share/custom_interfaces/cmake/ament_cmake_export_libraries-extras.cmake\n'}
[15.220482] (custom_interfaces) StdoutLine: {'line': b'-- Installing: /workspaces/isaac_ros-dev/ros2_ws/object-detection-jai0307-notatallVishal/install/custom_interfaces/share/custom_interfaces/cmake/ament_cmake_export_targets-extras.cmake\n'}
[15.220725] (custom_interfaces) StdoutLine: {'line': b'-- Installing: /workspaces/isaac_ros-dev/ros2_ws/object-detection-jai0307-notatallVishal/install/custom_interfaces/share/custom_interfaces/cmake/rosidl_cmake_export_typesupport_targets-extras.cmake\n'}
[15.220956] (custom_interfaces) StdoutLine: {'line': b'-- Installing: /workspaces/isaac_ros-dev/ros2_ws/object-detection-jai0307-notatallVishal/install/custom_interfaces/share/custom_interfaces/cmake/rosidl_cmake_export_typesupport_libraries-extras.cmake\n'}
[15.221183] (custom_interfaces) StdoutLine: {'line': b'-- Installing: /workspaces/isaac_ros-dev/ros2_ws/object-detection-jai0307-notatallVishal/install/custom_interfaces/share/custom_interfaces/cmake/custom_interfacesConfig.cmake\n'}
[15.221407] (custom_interfaces) StdoutLine: {'line': b'-- Installing: /workspaces/isaac_ros-dev/ros2_ws/object-detection-jai0307-notatallVishal/install/custom_interfaces/share/custom_interfaces/cmake/custom_interfacesConfig-version.cmake\n'}
[15.221665] (custom_interfaces) StdoutLine: {'line': b'-- Installing: /workspaces/isaac_ros-dev/ros2_ws/object-detection-jai0307-notatallVishal/install/custom_interfaces/share/custom_interfaces/package.xml\n'}
[15.227579] (custom_interfaces) CommandEnded: {'returncode': 0}
[15.290574] (-) TimerEvent: {}
[15.299252] (custom_interfaces) JobEnded: {'identifier': 'custom_interfaces', 'rc': 0}
[15.302217] (action_client) JobStarted: {'identifier': 'action_client'}
[15.327965] (action_client) JobProgress: {'identifier': 'action_client', 'progress': 'cmake'}
[15.330719] (action_client) JobProgress: {'identifier': 'action_client', 'progress': 'build'}
[15.331548] (action_client) Command: {'cmd': ['/usr/bin/cmake', '--build', '/workspaces/isaac_ros-dev/ros2_ws/object-detection-jai0307-notatallVishal/build/action_client', '--', '-j6', '-l6'], 'cwd': '/workspaces/isaac_ros-dev/ros2_ws/object-detection-jai0307-notatallVishal/build/action_client', 'env': OrderedDict([('LIBRARY_PATH', '/usr/local/cuda/lib64/stubs'), ('PYTHONWARNINGS', 'ignore:::setuptools.command.install,ignore:::setuptools.command.easy_install,ignore:::pkg_resources,ignore:::setuptools.command.develop'), ('NV_LIBCUBLAS_VERSION', '12.6.1.4-1'), ('USER', 'autorobo'), ('NV_CUDA_NSIGHT_COMPUTE_VERSION', '12.6.11-1'), ('HOSTNAME', 'autorobo-desktop'), ('SSH_AGENT_PID', '132308'), ('SHLVL', '1'), ('LD_LIBRARY_PATH', '/workspaces/isaac_ros-dev/ros2_ws/object-detection-jai0307-notatallVishal/install/custom_interfaces/lib:/workspaces/isaac_ros-dev/ros2_ws/install/custom_interfaces/lib:/workspaces/isaac_ros-dev/ros2_ws/install/action_client/lib:/workspaces/isaac_ros-dev/ros2_ws/object-detection-jai0307-notatallVishal/install/action_client/lib:/opt/ros/humble/opt/rviz_ogre_vendor/lib:/opt/ros/humble/lib/aarch64-linux-gnu:/opt/ros/humble/lib:/usr/lib/aarch64-linux-gnu/tegra/weston:/usr/lib/aarch64-linux-gnu/tegra-egl:/usr/local/cuda-12.6/targets/aarch64-linux/lib:/usr/lib/aarch64-linux-gnu/tegra:/opt/nvidia/vpi3/lib64:/usr/local/libcudss-linux-0.3.0.9_cuda12-archive/lib:/usr/local/nvidia/lib:/usr/local/nvidia/lib64:/usr/lib/aarch64-linux-gnu-host:/opt/tritonserver/lib'), ('HOME', '/home/admin'), ('OLDPWD', '/workspaces/isaac_ros-dev/ros2_ws'), ('HOST_USER_GID', '1001'), ('NV_LIBCUBLAS_DEV_VERSION', '12.6.1.4-1'), ('ROS_PYTHON_VERSION', '3'), ('NVIDIA_PVA_DEVICE', 'all'), ('NV_LIBNPP_PACKAGE', 'libnpp-12-6=12.3.1.54-1'), ('CUDA_VERSION', '12.6.11'), ('COLCON_PREFIX_PATH', '/workspaces/isaac_ros-dev/ros2_ws/install:/workspaces/isaac_ros-dev/ros2_ws/object-detection-jai0307-notatallVishal/install'), ('ROS_DISTRO', 'humble'), ('NV_LIBCUBLAS_PACKAGE_NAME', 'libcublas-12-6'), ('NVIDIA_REQUIRE_CUDA', 'cuda>=12.6'), ('_', '/usr/bin/colcon'), ('ROS_VERSION', '2'), ('NV_LIBCUSPARSE_VERSION', '12.5.3.3-1'), ('NVIDIA_DRIVER_CAPABILITIES', 'all'), ('NV_CUDA_LIB_VERSION', '12.6.11-1'), ('NV_NVML_DEV_VERSION', '12.6.68-1'), ('USERNAME', 'admin'), ('NV_LIBNPP_DEV_PACKAGE', 'libnpp-dev-12-6=12.3.1.54-1'), ('TERM', 'xterm'), ('ISAAC_ROS_WS', '/workspaces/isaac_ros-dev'), ('NV_CUDA_CUDART_VERSION', '12.6.68-1'), ('ROS_LOCALHOST_ONLY', '0'), ('PATH', '/opt/ros/humble/bin:/opt/ros/humble/vcstool/scripts:/usr/local/nvidia/bin:/usr/local/cuda/bin:/usr/src/tensorrt/bin:/usr/local/nvidia/bin:/usr/local/cuda/bin:/usr/local/sbin:/usr/local/bin:/usr/sbin:/usr/bin:/sbin:/bin'), ('NV_LIBCUBLAS_DEV_PACKAGE_NAME', 'libcublas-dev-12-6'), ('NV_LIBCUBLAS_PACKAGE', 'libcublas-12-6=12.6.1.4-1'), ('HOST_USER_UID', '1000'), ('NVARCH', 'arm64'), ('CUDSS_DIR', '/usr/local/libcudss-linux-0.3.0.9_cuda12-archive'), ('NV_LIBCUSPARSE_DEV_VERSION', '12.5.3.3-1'), ('DISPLAY', ':1'), ('NVIDIA_PRODUCT_NAME', 'CUDA'), ('LANG', 'en_US.UTF-8'), ('RMW_IMPLEMENTATION', 'rmw_fastrtps_cpp'), ('NV_CUDA_CUDART_DEV_VERSION', '12.6.68-1'), ('ROS_ROOT', '/opt/ros/humble'), ('SSH_AUTH_SOCK', '/tmp/ssh-XXXXXXmvrixz/agent.132307'), ('AMENT_PREFIX_PATH', '/workspaces/isaac_ros-dev/ros2_ws/object-detection-jai0307-notatallVishal/install/custom_interfaces:/workspaces/isaac_ros-dev/ros2_ws/install/custom_interfaces:/workspaces/isaac_ros-dev/ros2_ws/install/input:/workspaces/isaac_ros-dev/ros2_ws/install/action_server:/workspaces/isaac_ros-dev/ros2_ws/install/action_client:/workspaces/isaac_ros-dev/ros2_ws/object-detection-jai0307-notatallVishal/install/input:/workspaces/isaac_ros-dev/ros2_ws/object-detection-jai0307-notatallVishal/install/action_client:/opt/ros/humble'), ('DEBIAN_FRONTEND', 'noninteractive'), ('SHELL', '/bin/bash'), ('TRT_INCLUDE_PATH', '/usr/include/aarch64-linux-gnu'), ('NV_LIBCUBLAS_DEV_PACKAGE', 'libcublas-dev-12-6=12.6.1.4-1'), ('NV_CUDA_NSIGHT_COMPUTE_DEV_PACKAGE', 'cuda-nsight-compute-12-6=12.6.11-1'), ('NVIDIA_REQUIRE_JETPACK_HOST_MOUNTS', 'base-only'), ('NV_NVTX_VERSION', '12.6.68-1'), ('NV_LIBNPP_VERSION', '12.3.1.54-1'), ('PWD', '/workspaces/isaac_ros-dev/ros2_ws/object-detection-jai0307-notatallVishal/build/action_client'), ('PYTHONPATH', '/workspaces/isaac_ros-dev/ros2_ws/object-detection-jai0307-notatallVishal/install/custom_interfaces/local/lib/python3.10/dist-packages:/workspaces/isaac_ros-dev/ros2_ws/install/custom_interfaces/local/lib/python3.10/dist-packages:/workspaces/isaac_ros-dev/ros2_ws/install/action_client/local/lib/python3.10/dist-packages:/workspaces/isaac_ros-dev/ros2_ws/object-detection-jai0307-notatallVishal/install/action_client/local/lib/python3.10/dist-packages:/opt/ros/humble/lib/python3.10/site-packages:/opt/ros/humble/local/lib/python3.10/dist-packages:/opt/ros/humble/vcstool:'), ('NVIDIA_VISIBLE_DEVICES', 'void'), ('COLCON', '1'), ('NV_LIBNPP_DEV_VERSION', '12.3.1.54-1'), ('CMAKE_PREFIX_PATH', '/workspaces/isaac_ros-dev/ros2_ws/object-detection-jai0307-notatallVishal/install/custom_interfaces:/workspaces/isaac_ros-dev/ros2_ws/install/custom_interfaces:/workspaces/isaac_ros-dev/ros2_ws/install/input:/workspaces/isaac_ros-dev/ros2_ws/install/action_server:/workspaces/isaac_ros-dev/ros2_ws/install/action_client:/workspaces/isaac_ros-dev/ros2_ws/object-detection-jai0307-notatallVishal/install/input:/workspaces/isaac_ros-dev/ros2_ws/object-detection-jai0307-notatallVishal/install/action_client:/usr/local/libcudss-linux-0.3.0.9_cuda12-archive:/opt/ros/humble'), ('TRT_LIB_PATH', '/usr/lib/aarch64-linux-gnu')]), 'shell': False}
[15.390685] (-) TimerEvent: {}
[15.395204] (action_client) StdoutLine: {'line': b'-- Found ament_cmake: 1.3.11 (/opt/ros/humble/share/ament_cmake/cmake)\n'}
[15.490932] (-) TimerEvent: {}
[15.592238] (-) TimerEvent: {}
[15.693063] (-) TimerEvent: {}
[15.738771] (action_client) StdoutLine: {'line': b'-- Found rclcpp: 16.0.12 (/opt/ros/humble/share/rclcpp/cmake)\n'}
[15.793167] (-) TimerEvent: {}
[15.821809] (action_client) StdoutLine: {'line': b'-- Found rosidl_generator_c: 3.1.6 (/opt/ros/humble/share/rosidl_generator_c/cmake)\n'}
[15.827332] (action_client) StdoutLine: {'line': b'-- Found rosidl_adapter: 3.1.6 (/opt/ros/humble/share/rosidl_adapter/cmake)\n'}
[15.840038] (action_client) StdoutLine: {'line': b'-- Found rosidl_generator_cpp: 3.1.6 (/opt/ros/humble/share/rosidl_generator_cpp/cmake)\n'}
[15.861006] (action_client) StdoutLine: {'line': b'-- Using all available rosidl_typesupport_c: rosidl_typesupport_fastrtps_c;rosidl_typesupport_introspection_c\n'}
[15.887738] (action_client) StdoutLine: {'line': b'-- Using all available rosidl_typesupport_cpp: rosidl_typesupport_fastrtps_cpp;rosidl_typesupport_introspection_cpp\n'}
[15.893260] (-) TimerEvent: {}
[15.957930] (action_client) StdoutLine: {'line': b'-- Found rmw_implementation_cmake: 6.1.2 (/opt/ros/humble/share/rmw_implementation_cmake/cmake)\n'}
[15.961374] (action_client) StdoutLine: {'line': b'-- Found rmw_fastrtps_cpp: 6.2.7 (/opt/ros/humble/share/rmw_fastrtps_cpp/cmake)\n'}
[15.993509] (-) TimerEvent: {}
[16.094369] (-) TimerEvent: {}
[16.195215] (-) TimerEvent: {}
[16.288073] (action_client) StdoutLine: {'line': b"-- Using RMW implementation 'rmw_fastrtps_cpp' as default\n"}
[16.295326] (-) TimerEvent: {}
[16.396069] (-) TimerEvent: {}
[16.406743] (action_client) StdoutLine: {'line': b'-- Found rclcpp_action: 16.0.12 (/opt/ros/humble/share/rclcpp_action/cmake)\n'}
[16.485651] (action_client) StdoutLine: {'line': b'-- Found custom_interfaces: 0.0.0 (/workspaces/isaac_ros-dev/ros2_ws/object-detection-jai0307-notatallVishal/install/custom_interfaces/share/custom_interfaces/cmake)\n'}
[16.496161] (-) TimerEvent: {}
[16.522976] (action_client) StdoutLine: {'line': b'-- Found geometry_msgs: 4.8.0 (/opt/ros/humble/share/geometry_msgs/cmake)\n'}
[16.551433] (action_client) StdoutLine: {'line': b'-- Found ament_lint_auto: 0.12.12 (/opt/ros/humble/share/ament_lint_auto/cmake)\n'}
[16.596323] (-) TimerEvent: {}
[16.698083] (-) TimerEvent: {}
[16.747462] (action_client) StdoutLine: {'line': b"-- Added test 'cppcheck' to perform static code analysis on C / C++ code\n"}
[16.748103] (action_client) StdoutLine: {'line': b'-- Configured cppcheck include dirs: \n'}
[16.748323] (action_client) StdoutLine: {'line': b'-- Configured cppcheck exclude dirs and/or files: \n'}
[16.748795] (action_client) StdoutLine: {'line': b"-- Added test 'flake8' to check Python code syntax and style conventions\n"}
[16.749939] (action_client) StdoutLine: {'line': b"-- Added test 'lint_cmake' to check CMake code style\n"}
[16.750662] (action_client) StdoutLine: {'line': b"-- Added test 'pep257' to check Python code against some of the docstring style conventions in PEP 257\n"}
[16.752322] (action_client) StdoutLine: {'line': b"-- Added test 'uncrustify' to check C / C++ code style\n"}
[16.752594] (action_client) StdoutLine: {'line': b'-- Configured uncrustify additional arguments: \n'}
[16.753254] (action_client) StdoutLine: {'line': b"-- Added test 'xmllint' to check XML markup files\n"}
[16.756079] (action_client) StdoutLine: {'line': b'-- Configuring done\n'}
[16.790712] (action_client) StdoutLine: {'line': b'-- Generating done\n'}
[16.798264] (-) TimerEvent: {}
[16.802874] (action_client) StdoutLine: {'line': b'-- Build files have been written to: /workspaces/isaac_ros-dev/ros2_ws/object-detection-jai0307-notatallVishal/build/action_client\n'}
[16.898451] (-) TimerEvent: {}
[16.903141] (action_client) StdoutLine: {'line': b'[ 50%] \x1b[32mBuilding CXX object CMakeFiles/action_client_node.dir/src/action_client.cpp.o\x1b[0m\n'}
[16.998637] (-) TimerEvent: {}
[17.099343] (-) TimerEvent: {}
[17.200073] (-) TimerEvent: {}
[17.300769] (-) TimerEvent: {}
[17.401469] (-) TimerEvent: {}
[17.502155] (-) TimerEvent: {}
[17.602857] (-) TimerEvent: {}
[17.703557] (-) TimerEvent: {}
[17.804302] (-) TimerEvent: {}
[17.905012] (-) TimerEvent: {}
[18.005745] (-) TimerEvent: {}
[18.106463] (-) TimerEvent: {}
[18.207184] (-) TimerEvent: {}
[18.307918] (-) TimerEvent: {}
[18.408626] (-) TimerEvent: {}
[18.509344] (-) TimerEvent: {}
[18.610080] (-) TimerEvent: {}
[18.710788] (-) TimerEvent: {}
[18.811491] (-) TimerEvent: {}
[18.912231] (-) TimerEvent: {}
[19.012925] (-) TimerEvent: {}
[19.113608] (-) TimerEvent: {}
[19.214292] (-) TimerEvent: {}
[19.315057] (-) TimerEvent: {}
[19.415788] (-) TimerEvent: {}
[19.516484] (-) TimerEvent: {}
[19.617181] (-) TimerEvent: {}
[19.717999] (-) TimerEvent: {}
[19.818724] (-) TimerEvent: {}
[19.919678] (-) TimerEvent: {}
[20.020426] (-) TimerEvent: {}
[20.121342] (-) TimerEvent: {}
[20.222047] (-) TimerEvent: {}
[20.322753] (-) TimerEvent: {}
[20.423468] (-) TimerEvent: {}
[20.524223] (-) TimerEvent: {}
[20.624934] (-) TimerEvent: {}
[20.725652] (-) TimerEvent: {}
[20.826388] (-) TimerEvent: {}
[20.927112] (-) TimerEvent: {}
[21.027894] (-) TimerEvent: {}
[21.128661] (-) TimerEvent: {}
[21.229401] (-) TimerEvent: {}
[21.330134] (-) TimerEvent: {}
[21.430866] (-) TimerEvent: {}
[21.531614] (-) TimerEvent: {}
[21.634844] (-) TimerEvent: {}
[21.735694] (-) TimerEvent: {}
[21.836607] (-) TimerEvent: {}
[21.937445] (-) TimerEvent: {}
[22.038292] (-) TimerEvent: {}
[22.139143] (-) TimerEvent: {}
[22.240023] (-) TimerEvent: {}
[22.340873] (-) TimerEvent: {}
[22.441730] (-) TimerEvent: {}
[22.542552] (-) TimerEvent: {}
[22.643350] (-) TimerEvent: {}
[22.744189] (-) TimerEvent: {}
[22.845076] (-) TimerEvent: {}
[22.945907] (-) TimerEvent: {}
[23.046743] (-) TimerEvent: {}
[23.143851] (action_client) StderrLine: {'line': b'\x1b[01m\x1b[K/workspaces/isaac_ros-dev/ros2_ws/object-detection-jai0307-notatallVishal/action_client/src/action_client.cpp:29:50:\x1b[m\x1b[K \x1b[01;31m\x1b[Kerror: \x1b[m\x1b[K\xe2\x80\x98\x1b[01m\x1b[KTrackObject\x1b[m\x1b[K\xe2\x80\x99 in namespace \xe2\x80\x98\x1b[01m\x1b[Kcustom_interfaces::action\x1b[m\x1b[K\xe2\x80\x99 does not name a type\n'}
[23.144941] (action_client) StderrLine: {'line': b'   29 |   using TrackObject = custom_interfaces::action::\x1b[01;31m\x1b[KTrackObject\x1b[m\x1b[K;\n'}
[23.145138] (action_client) StderrLine: {'line': b'      |                                                  \x1b[01;31m\x1b[K^~~~~~~~~~~\x1b[m\x1b[K\n'}
[23.146791] (-) TimerEvent: {}
[23.164322] (action_client) StderrLine: {'line': b'\x1b[01m\x1b[K/workspaces/isaac_ros-dev/ros2_ws/object-detection-jai0307-notatallVishal/action_client/src/action_client.cpp:30:65:\x1b[m\x1b[K \x1b[01;31m\x1b[Kerror: \x1b[m\x1b[K\xe2\x80\x98\x1b[01m\x1b[KTrackObject\x1b[m\x1b[K\xe2\x80\x99 was not declared in this scope; did you mean \xe2\x80\x98\x1b[01m\x1b[KTrackObjectClient\x1b[m\x1b[K\xe2\x80\x99?\n'}
[23.164800] (action_client) StderrLine: {'line': b'   30 |   using GoalHandleTrackObject = rclcpp_action::ClientGoalHandle<\x1b[01;31m\x1b[KTrackObject\x1b[m\x1b[K>;\n'}
[23.164966] (action_client) StderrLine: {'line': b'      |                                                                 \x1b[01;31m\x1b[K^~~~~~~~~~~\x1b[m\x1b[K\n'}
[23.165107] (action_client) StderrLine: {'line': b'      |                                                                 \x1b[32m\x1b[KTrackObjectClient\x1b[m\x1b[K\n'}
[23.165240] (action_client) StderrLine: {'line': b'\x1b[01m\x1b[K/workspaces/isaac_ros-dev/ros2_ws/object-detection-jai0307-notatallVishal/action_client/src/action_client.cpp:30:76:\x1b[m\x1b[K \x1b[01;31m\x1b[Kerror: \x1b[m\x1b[Ktemplate argument 1 is invalid\n'}
[23.165373] (action_client) StderrLine: {'line': b'   30 |   using GoalHandleTrackObject = rclcpp_action::ClientGoalHandle<TrackObject\x1b[01;31m\x1b[K>\x1b[m\x1b[K;\n'}
[23.165499] (action_client) StderrLine: {'line': b'      |                                                                            \x1b[01;31m\x1b[K^\x1b[m\x1b[K\n'}
[23.183791] (action_client) StderrLine: {'line': b'\x1b[01m\x1b[K/workspaces/isaac_ros-dev/ros2_ws/object-detection-jai0307-notatallVishal/action_client/src/action_client.cpp:98:25:\x1b[m\x1b[K \x1b[01;31m\x1b[Kerror: \x1b[m\x1b[K\xe2\x80\x98\x1b[01m\x1b[KTrackObject\x1b[m\x1b[K\xe2\x80\x99 was not declared in this scope; did you mean \xe2\x80\x98\x1b[01m\x1b[KTrackObjectClient\x1b[m\x1b[K\xe2\x80\x99?\n'}
[23.184228] (action_client) StderrLine: {'line': b'   98 |   rclcpp_action::Client<\x1b[01;31m\x1b[KTrackObject\x1b[m\x1b[K>::SharedPtr client_ptr_;\n'}
[23.184379] (action_client) StderrLine: {'line': b'      |                         \x1b[01;31m\x1b[K^~~~~~~~~~~\x1b[m\x1b[K\n'}
[23.184518] (action_client) StderrLine: {'line': b'      |                         \x1b[32m\x1b[KTrackObjectClient\x1b[m\x1b[K\n'}
[23.184745] (action_client) StderrLine: {'line': b'\x1b[01m\x1b[K/workspaces/isaac_ros-dev/ros2_ws/object-detection-jai0307-notatallVishal/action_client/src/action_client.cpp:98:36:\x1b[m\x1b[K \x1b[01;31m\x1b[Kerror: \x1b[m\x1b[Ktemplate argument 1 is invalid\n'}
[23.184928] (action_client) StderrLine: {'line': b'   98 |   rclcpp_action::Client<TrackObject\x1b[01;31m\x1b[K>\x1b[m\x1b[K::SharedPtr client_ptr_;\n'}
[23.185058] (action_client) StderrLine: {'line': b'      |                                    \x1b[01;31m\x1b[K^\x1b[m\x1b[K\n'}
[23.185183] (action_client) StderrLine: {'line': b'\x1b[01m\x1b[K/workspaces/isaac_ros-dev/ros2_ws/object-detection-jai0307-notatallVishal/action_client/src/action_client.cpp:98:39:\x1b[m\x1b[K \x1b[01;31m\x1b[Kerror: \x1b[m\x1b[Kexpected \xe2\x80\x98\x1b[01m\x1b[K;\x1b[m\x1b[K\xe2\x80\x99 at end of member declaration\n'}
[23.185313] (action_client) StderrLine: {'line': b'   98 |   rclcpp_action::Client<TrackObject>::\x1b[01;31m\x1b[KSharedPtr\x1b[m\x1b[K client_ptr_;\n'}
[23.185459] (action_client) StderrLine: {'line': b'      |                                       \x1b[01;31m\x1b[K^~~~~~~~~\x1b[m\x1b[K\n'}
[23.185584] (action_client) StderrLine: {'line': b'      |                                                \x1b[32m\x1b[K;\x1b[m\x1b[K\n'}
[23.189437] (action_client) StderrLine: {'line': b'\x1b[01m\x1b[K/workspaces/isaac_ros-dev/ros2_ws/object-detection-jai0307-notatallVishal/action_client/src/action_client.cpp:98:49:\x1b[m\x1b[K \x1b[01;31m\x1b[Kerror: \x1b[m\x1b[K\xe2\x80\x98\x1b[01m\x1b[Kclient_ptr_\x1b[m\x1b[K\xe2\x80\x99 does not name a type\n'}
[23.189665] (action_client) StderrLine: {'line': b'   98 |   rclcpp_action::Client<TrackObject>::SharedPtr \x1b[01;31m\x1b[Kclient_ptr_\x1b[m\x1b[K;\n'}
[23.189802] (action_client) StderrLine: {'line': b'      |                                                 \x1b[01;31m\x1b[K^~~~~~~~~~~\x1b[m\x1b[K\n'}
[23.204910] (action_client) StderrLine: {'line': b'\x1b[01m\x1b[K/workspaces/isaac_ros-dev/ros2_ws/object-detection-jai0307-notatallVishal/action_client/src/action_client.cpp:99:24:\x1b[m\x1b[K \x1b[01;31m\x1b[Kerror: \x1b[m\x1b[K\xe2\x80\x98\x1b[01m\x1b[Kstd_msgs\x1b[m\x1b[K\xe2\x80\x99 was not declared in this scope\n'}
[23.205262] (action_client) StderrLine: {'line': b'   99 |   rclcpp::Subscription<\x1b[01;31m\x1b[Kstd_msgs\x1b[m\x1b[K::msg::String>::SharedPtr subscription_;\n'}
[23.205412] (action_client) StderrLine: {'line': b'      |                        \x1b[01;31m\x1b[K^~~~~~~~\x1b[m\x1b[K\n'}
[23.205543] (action_client) StderrLine: {'line': b'\x1b[01m\x1b[K/workspaces/isaac_ros-dev/ros2_ws/object-detection-jai0307-notatallVishal/action_client/src/action_client.cpp:99:45:\x1b[m\x1b[K \x1b[01;31m\x1b[Kerror: \x1b[m\x1b[Ktemplate argument 1 is invalid\n'}
[23.205673] (action_client) StderrLine: {'line': b'   99 |   rclcpp::Subscription<std_msgs::msg::String\x1b[01;31m\x1b[K>\x1b[m\x1b[K::SharedPtr subscription_;\n'}
[23.205800] (action_client) StderrLine: {'line': b'      |                                             \x1b[01;31m\x1b[K^\x1b[m\x1b[K\n'}
[23.205926] (action_client) StderrLine: {'line': b'\x1b[01m\x1b[K/workspaces/isaac_ros-dev/ros2_ws/object-detection-jai0307-notatallVishal/action_client/src/action_client.cpp:99:45:\x1b[m\x1b[K \x1b[01;31m\x1b[Kerror: \x1b[m\x1b[Ktemplate argument 3 is invalid\n'}
[23.206049] (action_client) StderrLine: {'line': b'\x1b[01m\x1b[K/workspaces/isaac_ros-dev/ros2_ws/object-detection-jai0307-notatallVishal/action_client/src/action_client.cpp:99:45:\x1b[m\x1b[K \x1b[01;31m\x1b[Kerror: \x1b[m\x1b[Ktemplate argument 4 is invalid\n'}
[23.206219] (action_client) StderrLine: {'line': b'\x1b[01m\x1b[K/workspaces/isaac_ros-dev/ros2_ws/object-detection-jai0307-notatallVishal/action_client/src/action_client.cpp:99:45:\x1b[m\x1b[K \x1b[01;31m\x1b[Kerror: \x1b[m\x1b[Ktemplate argument 5 is invalid\n'}
[23.206360] (action_client) StderrLine: {'line': b'\x1b[01m\x1b[K/workspaces/isaac_ros-dev/ros2_ws/object-detection-jai0307-notatallVishal/action_client/src/action_client.cpp:99:48:\x1b[m\x1b[K \x1b[01;31m\x1b[Kerror: \x1b[m\x1b[Kexpected \xe2\x80\x98\x1b[01m\x1b[K;\x1b[m\x1b[K\xe2\x80\x99 at end of member declaration\n'}
[23.206488] (action_client) StderrLine: {'line': b'   99 |   rclcpp::Subscription<std_msgs::msg::String>::\x1b[01;31m\x1b[KSharedPtr\x1b[m\x1b[K subscription_;\n'}
[23.206611] (action_client) StderrLine: {'line': b'      |                                                \x1b[01;31m\x1b[K^~~~~~~~~\x1b[m\x1b[K\n'}
[23.206733] (action_client) StderrLine: {'line': b'      |                                                         \x1b[32m\x1b[K;\x1b[m\x1b[K\n'}
[23.206853] (action_client) StderrLine: {'line': b'\x1b[01m\x1b[K/workspaces/isaac_ros-dev/ros2_ws/object-detection-jai0307-notatallVishal/action_client/src/action_client.cpp:99:48:\x1b[m\x1b[K \x1b[01;31m\x1b[Kerror: \x1b[m\x1b[Kredeclaration of \xe2\x80\x98\x1b[01m\x1b[Kint TrackObjectClient::SharedPtr\x1b[m\x1b[K\xe2\x80\x99\n'}
[23.206992] (action_client) StderrLine: {'line': b'\x1b[01m\x1b[K/workspaces/isaac_ros-dev/ros2_ws/object-detection-jai0307-notatallVishal/action_client/src/action_client.cpp:98:39:\x1b[m\x1b[K \x1b[01;36m\x1b[Knote: \x1b[m\x1b[Kprevious declaration \xe2\x80\x98\x1b[01m\x1b[Kint TrackObjectClient::SharedPtr\x1b[m\x1b[K\xe2\x80\x99\n'}
[23.207117] (action_client) StderrLine: {'line': b'   98 |   rclcpp_action::Client<TrackObject>::\x1b[01;36m\x1b[KSharedPtr\x1b[m\x1b[K client_ptr_;\n'}
[23.207237] (action_client) StderrLine: {'line': b'      |                                       \x1b[01;36m\x1b[K^~~~~~~~~\x1b[m\x1b[K\n'}
[23.209215] (action_client) StderrLine: {'line': b'\x1b[01m\x1b[K/workspaces/isaac_ros-dev/ros2_ws/object-detection-jai0307-notatallVishal/action_client/src/action_client.cpp:99:58:\x1b[m\x1b[K \x1b[01;31m\x1b[Kerror: \x1b[m\x1b[K\xe2\x80\x98\x1b[01m\x1b[Ksubscription_\x1b[m\x1b[K\xe2\x80\x99 does not name a type; did you mean \xe2\x80\x98\x1b[01m\x1b[Krmw_subscription_t\x1b[m\x1b[K\xe2\x80\x99?\n'}
[23.209390] (action_client) StderrLine: {'line': b'   99 |   rclcpp::Subscription<std_msgs::msg::String>::SharedPtr \x1b[01;31m\x1b[Ksubscription_\x1b[m\x1b[K;\n'}
[23.209522] (action_client) StderrLine: {'line': b'      |                                                          \x1b[01;31m\x1b[K^~~~~~~~~~~~~\x1b[m\x1b[K\n'}
[23.209649] (action_client) StderrLine: {'line': b'      |                                                          \x1b[32m\x1b[Krmw_subscription_t\x1b[m\x1b[K\n'}
[23.212680] (action_client) StderrLine: {'line': b'\x1b[01m\x1b[K/workspaces/isaac_ros-dev/ros2_ws/object-detection-jai0307-notatallVishal/action_client/src/action_client.cpp:104:29:\x1b[m\x1b[K \x1b[01;31m\x1b[Kerror: \x1b[m\x1b[K\xe2\x80\x98\x1b[01m\x1b[Kstd_msgs\x1b[m\x1b[K\xe2\x80\x99 does not name a type\n'}
[23.213059] (action_client) StderrLine: {'line': b'  104 |   void input_callback(const \x1b[01;31m\x1b[Kstd_msgs\x1b[m\x1b[K::msg::String::SharedPtr msg) {\n'}
[23.213210] (action_client) StderrLine: {'line': b'      |                             \x1b[01;31m\x1b[K^~~~~~~~\x1b[m\x1b[K\n'}
[23.213344] (action_client) StderrLine: {'line': b'\x1b[01m\x1b[K/workspaces/isaac_ros-dev/ros2_ws/object-detection-jai0307-notatallVishal/action_client/src/action_client.cpp:104:42:\x1b[m\x1b[K \x1b[01;31m\x1b[Kerror: \x1b[m\x1b[Kexpected unqualified-id before \xe2\x80\x98\x1b[01m\x1b[K::\x1b[m\x1b[K\xe2\x80\x99 token\n'}
[23.213476] (action_client) StderrLine: {'line': b'  104 |   void input_callback(const std_msgs::msg\x1b[01;31m\x1b[K::\x1b[m\x1b[KString::SharedPtr msg) {\n'}
[23.213600] (action_client) StderrLine: {'line': b'      |                                          \x1b[01;31m\x1b[K^~\x1b[m\x1b[K\n'}
[23.213724] (action_client) StderrLine: {'line': b'\x1b[01m\x1b[K/workspaces/isaac_ros-dev/ros2_ws/object-detection-jai0307-notatallVishal/action_client/src/action_client.cpp:104:42:\x1b[m\x1b[K \x1b[01;31m\x1b[Kerror: \x1b[m\x1b[Kexpected \xe2\x80\x98\x1b[01m\x1b[K)\x1b[m\x1b[K\xe2\x80\x99 before \xe2\x80\x98\x1b[01m\x1b[K::\x1b[m\x1b[K\xe2\x80\x99 token\n'}
[23.213847] (action_client) StderrLine: {'line': b'  104 |   void input_callback\x1b[34m\x1b[K(\x1b[m\x1b[Kconst std_msgs::msg\x1b[01;31m\x1b[K:\x1b[m\x1b[K\x1b[32m\x1b[K:\x1b[m\x1b[KString::SharedPtr msg) {\n'}
[23.213970] (action_client) StderrLine: {'line': b'      |                      \x1b[34m\x1b[K~\x1b[m\x1b[K                   \x1b[01;31m\x1b[K^\x1b[m\x1b[K\x1b[32m\x1b[K~\x1b[m\x1b[K\n'}
[23.214092] (action_client) StderrLine: {'line': b'      |                                          \x1b[32m\x1b[K)\x1b[m\x1b[K\n'}
[23.214213] (action_client) StderrLine: {'line': b'\x1b[01m\x1b[K/workspaces/isaac_ros-dev/ros2_ws/object-detection-jai0307-notatallVishal/action_client/src/action_client.cpp:104:39:\x1b[m\x1b[K \x1b[01;31m\x1b[Kerror: \x1b[m\x1b[Kexpected \xe2\x80\x98\x1b[01m\x1b[K;\x1b[m\x1b[K\xe2\x80\x99 at end of member declaration\n'}
[23.214334] (action_client) StderrLine: {'line': b'  104 |   void input_callback(const std_msgs::\x1b[01;31m\x1b[Kmsg\x1b[m\x1b[K::String::SharedPtr msg) {\n'}
[23.214478] (action_client) StderrLine: {'line': b'      |                                       \x1b[01;31m\x1b[K^~~\x1b[m\x1b[K\n'}
[23.214598] (action_client) StderrLine: {'line': b'      |                                          \x1b[32m\x1b[K;\x1b[m\x1b[K\n'}
[23.219158] (action_client) StderrLine: {'line': b'\x1b[01m\x1b[K/workspaces/isaac_ros-dev/ros2_ws/object-detection-jai0307-notatallVishal/action_client/src/action_client.cpp:104:44:\x1b[m\x1b[K \x1b[01;31m\x1b[Kerror: \x1b[m\x1b[K\xe2\x80\x98\x1b[01m\x1b[KString\x1b[m\x1b[K\xe2\x80\x99 in namespace \xe2\x80\x98\x1b[01m\x1b[K::\x1b[m\x1b[K\xe2\x80\x99 does not name a type\n'}
[23.219340] (action_client) StderrLine: {'line': b'  104 |   void input_callback(const std_msgs::msg::\x1b[01;31m\x1b[KString\x1b[m\x1b[K::SharedPtr msg) {\n'}
[23.219470] (action_client) StderrLine: {'line': b'      |                                            \x1b[01;31m\x1b[K^~~~~~\x1b[m\x1b[K\n'}
[23.226640] (action_client) StderrLine: {'line': b'\x1b[01m\x1b[K/workspaces/isaac_ros-dev/ros2_ws/object-detection-jai0307-notatallVishal/action_client/src/action_client.cpp:109:37:\x1b[m\x1b[K \x1b[01;31m\x1b[Kerror: \x1b[m\x1b[K\xe2\x80\x98\x1b[01m\x1b[KGoalHandleTrackObject\x1b[m\x1b[K\xe2\x80\x99 does not name a type\n'}
[23.227042] (action_client) StderrLine: {'line': b'  109 |   void goal_response_callback(const \x1b[01;31m\x1b[KGoalHandleTrackObject\x1b[m\x1b[K::SharedPtr & goal_handle)\n'}
[23.227192] (action_client) StderrLine: {'line': b'      |                                     \x1b[01;31m\x1b[K^~~~~~~~~~~~~~~~~~~~~\x1b[m\x1b[K\n'}
[23.227326] (action_client) StderrLine: {'line': b'\x1b[01m\x1b[K/workspaces/isaac_ros-dev/ros2_ws/object-detection-jai0307-notatallVishal/action_client/src/action_client.cpp:109:70:\x1b[m\x1b[K \x1b[01;31m\x1b[Kerror: \x1b[m\x1b[Kexpected unqualified-id before \xe2\x80\x98\x1b[01m\x1b[K&\x1b[m\x1b[K\xe2\x80\x99 token\n'}
[23.227456] (action_client) StderrLine: {'line': b'  109 |   void goal_response_callback(const GoalHandleTrackObject::SharedPtr \x1b[01;31m\x1b[K&\x1b[m\x1b[K goal_handle)\n'}
[23.227578] (action_client) StderrLine: {'line': b'      |                                                                      \x1b[01;31m\x1b[K^\x1b[m\x1b[K\n'}
[23.227700] (action_client) StderrLine: {'line': b'\x1b[01m\x1b[K/workspaces/isaac_ros-dev/ros2_ws/object-detection-jai0307-notatallVishal/action_client/src/action_client.cpp:109:69:\x1b[m\x1b[K \x1b[01;31m\x1b[Kerror: \x1b[m\x1b[Kexpected \xe2\x80\x98\x1b[01m\x1b[K)\x1b[m\x1b[K\xe2\x80\x99 before \xe2\x80\x98\x1b[01m\x1b[K&\x1b[m\x1b[K\xe2\x80\x99 token\n'}
[23.227852] (action_client) StderrLine: {'line': b'  109 |   void goal_response_callback\x1b[34m\x1b[K(\x1b[m\x1b[Kconst GoalHandleTrackObject::SharedPtr\x1b[01;31m\x1b[K \x1b[m\x1b[K\x1b[32m\x1b[K&\x1b[m\x1b[K goal_handle)\n'}
[23.227980] (action_client) StderrLine: {'line': b'      |                              \x1b[34m\x1b[K~\x1b[m\x1b[K                                      \x1b[01;31m\x1b[K^\x1b[m\x1b[K\x1b[32m\x1b[K~\x1b[m\x1b[K\n'}
[23.228103] (action_client) StderrLine: {'line': b'      |                                                                     \x1b[32m\x1b[K)\x1b[m\x1b[K\n'}
[23.228222] (action_client) StderrLine: {'line': b'\x1b[01m\x1b[K/workspaces/isaac_ros-dev/ros2_ws/object-detection-jai0307-notatallVishal/action_client/src/action_client.cpp:109:70:\x1b[m\x1b[K \x1b[01;31m\x1b[Kerror: \x1b[m\x1b[Kexpected \xe2\x80\x98\x1b[01m\x1b[K;\x1b[m\x1b[K\xe2\x80\x99 at end of member declaration\n'}
[23.228342] (action_client) StderrLine: {'line': b'  109 |   void goal_response_callback(const GoalHandleTrackObject::SharedPtr \x1b[01;31m\x1b[K&\x1b[m\x1b[K goal_handle)\n'}
[23.228460] (action_client) StderrLine: {'line': b'      |                                                                      \x1b[01;31m\x1b[K^\x1b[m\x1b[K\n'}
[23.228577] (action_client) StderrLine: {'line': b'      |                                                                       \x1b[32m\x1b[K;\x1b[m\x1b[K\n'}
[23.230666] (action_client) StderrLine: {'line': b'\x1b[01m\x1b[K/workspaces/isaac_ros-dev/ros2_ws/object-detection-jai0307-notatallVishal/action_client/src/action_client.cpp:109:72:\x1b[m\x1b[K \x1b[01;31m\x1b[Kerror: \x1b[m\x1b[K\xe2\x80\x98\x1b[01m\x1b[Kgoal_handle\x1b[m\x1b[K\xe2\x80\x99 does not name a type\n'}
[23.230907] (action_client) StderrLine: {'line': b'  109 |   void goal_response_callback(const GoalHandleTrackObject::SharedPtr & \x1b[01;31m\x1b[Kgoal_handle\x1b[m\x1b[K)\n'}
[23.231102] (action_client) StderrLine: {'line': b'      |                                                                        \x1b[01;31m\x1b[K^~~~~~~~~~~\x1b[m\x1b[K\n'}
[23.231252] (action_client) StderrLine: {'line': b'\x1b[01m\x1b[K/workspaces/isaac_ros-dev/ros2_ws/object-detection-jai0307-notatallVishal/action_client/src/action_client.cpp:119:5:\x1b[m\x1b[K \x1b[01;31m\x1b[Kerror: \x1b[m\x1b[K\xe2\x80\x98\x1b[01m\x1b[KGoalHandleTrackObject\x1b[m\x1b[K\xe2\x80\x99 has not been declared\n'}
[23.231396] (action_client) StderrLine: {'line': b'  119 |     \x1b[01;31m\x1b[KGoalHandleTrackObject\x1b[m\x1b[K::SharedPtr goal_handler,\n'}
[23.231531] (action_client) StderrLine: {'line': b'      |     \x1b[01;31m\x1b[K^~~~~~~~~~~~~~~~~~~~~\x1b[m\x1b[K\n'}
[23.231658] (action_client) StderrLine: {'line': b'\x1b[01m\x1b[K/workspaces/isaac_ros-dev/ros2_ws/object-detection-jai0307-notatallVishal/action_client/src/action_client.cpp:119:38:\x1b[m\x1b[K \x1b[01;31m\x1b[Kerror: \x1b[m\x1b[Kexpected \xe2\x80\x98\x1b[01m\x1b[K,\x1b[m\x1b[K\xe2\x80\x99 or \xe2\x80\x98\x1b[01m\x1b[K...\x1b[m\x1b[K\xe2\x80\x99 before \xe2\x80\x98\x1b[01m\x1b[Kgoal_handler\x1b[m\x1b[K\xe2\x80\x99\n'}
[23.231825] (action_client) StderrLine: {'line': b'  119 |     GoalHandleTrackObject::SharedPtr \x1b[01;31m\x1b[Kgoal_handler\x1b[m\x1b[K,\n'}
[23.231959] (action_client) StderrLine: {'line': b'      |                                      \x1b[01;31m\x1b[K^~~~~~~~~~~~\x1b[m\x1b[K\n'}
[23.237708] (action_client) StderrLine: {'line': b'\x1b[01m\x1b[K/workspaces/isaac_ros-dev/ros2_ws/object-detection-jai0307-notatallVishal/action_client/src/action_client.cpp:130:30:\x1b[m\x1b[K \x1b[01;31m\x1b[Kerror: \x1b[m\x1b[K\xe2\x80\x98\x1b[01m\x1b[KGoalHandleTrackObject\x1b[m\x1b[K\xe2\x80\x99 does not name a type\n'}
[23.238022] (action_client) StderrLine: {'line': b'  130 |   void result_callback(const \x1b[01;31m\x1b[KGoalHandleTrackObject\x1b[m\x1b[K::WrappedResult & result)\n'}
[23.238169] (action_client) StderrLine: {'line': b'      |                              \x1b[01;31m\x1b[K^~~~~~~~~~~~~~~~~~~~~\x1b[m\x1b[K\n'}
[23.238300] (action_client) StderrLine: {'line': b'\x1b[01m\x1b[K/workspaces/isaac_ros-dev/ros2_ws/object-detection-jai0307-notatallVishal/action_client/src/action_client.cpp:130:67:\x1b[m\x1b[K \x1b[01;31m\x1b[Kerror: \x1b[m\x1b[Kexpected unqualified-id before \xe2\x80\x98\x1b[01m\x1b[K&\x1b[m\x1b[K\xe2\x80\x99 token\n'}
[23.238430] (action_client) StderrLine: {'line': b'  130 |   void result_callback(const GoalHandleTrackObject::WrappedResult \x1b[01;31m\x1b[K&\x1b[m\x1b[K result)\n'}
[23.238557] (action_client) StderrLine: {'line': b'      |                                                                   \x1b[01;31m\x1b[K^\x1b[m\x1b[K\n'}
[23.238681] (action_client) StderrLine: {'line': b'\x1b[01m\x1b[K/workspaces/isaac_ros-dev/ros2_ws/object-detection-jai0307-notatallVishal/action_client/src/action_client.cpp:130:66:\x1b[m\x1b[K \x1b[01;31m\x1b[Kerror: \x1b[m\x1b[Kexpected \xe2\x80\x98\x1b[01m\x1b[K)\x1b[m\x1b[K\xe2\x80\x99 before \xe2\x80\x98\x1b[01m\x1b[K&\x1b[m\x1b[K\xe2\x80\x99 token\n'}
[23.238826] (action_client) StderrLine: {'line': b'  130 |   void result_callback\x1b[34m\x1b[K(\x1b[m\x1b[Kconst GoalHandleTrackObject::WrappedResult\x1b[01;31m\x1b[K \x1b[m\x1b[K\x1b[32m\x1b[K&\x1b[m\x1b[K result)\n'}
[23.238973] (action_client) StderrLine: {'line': b'      |                       \x1b[34m\x1b[K~\x1b[m\x1b[K                                          \x1b[01;31m\x1b[K^\x1b[m\x1b[K\x1b[32m\x1b[K~\x1b[m\x1b[K\n'}
[23.239099] (action_client) StderrLine: {'line': b'      |                                                                  \x1b[32m\x1b[K)\x1b[m\x1b[K\n'}
[23.239236] (action_client) StderrLine: {'line': b'\x1b[01m\x1b[K/workspaces/isaac_ros-dev/ros2_ws/object-detection-jai0307-notatallVishal/action_client/src/action_client.cpp:130:67:\x1b[m\x1b[K \x1b[01;31m\x1b[Kerror: \x1b[m\x1b[Kexpected \xe2\x80\x98\x1b[01m\x1b[K;\x1b[m\x1b[K\xe2\x80\x99 at end of member declaration\n'}
[23.239361] (action_client) StderrLine: {'line': b'  130 |   void result_callback(const GoalHandleTrackObject::WrappedResult \x1b[01;31m\x1b[K&\x1b[m\x1b[K result)\n'}
[23.239481] (action_client) StderrLine: {'line': b'      |                                                                   \x1b[01;31m\x1b[K^\x1b[m\x1b[K\n'}
[23.239600] (action_client) StderrLine: {'line': b'      |                                                                    \x1b[32m\x1b[K;\x1b[m\x1b[K\n'}
[23.240631] (action_client) StderrLine: {'line': b'\x1b[01m\x1b[K/workspaces/isaac_ros-dev/ros2_ws/object-detection-jai0307-notatallVishal/action_client/src/action_client.cpp:130:69:\x1b[m\x1b[K \x1b[01;31m\x1b[Kerror: \x1b[m\x1b[K\xe2\x80\x98\x1b[01m\x1b[Kresult\x1b[m\x1b[K\xe2\x80\x99 does not name a type\n'}
[23.240828] (action_client) StderrLine: {'line': b'  130 |   void result_callback(const GoalHandleTrackObject::WrappedResult & \x1b[01;31m\x1b[Kresult\x1b[m\x1b[K)\n'}
[23.240964] (action_client) StderrLine: {'line': b'      |                                                                     \x1b[01;31m\x1b[K^~~~~~\x1b[m\x1b[K\n'}
[23.243135] (action_client) StderrLine: {'line': b'\x1b[01m\x1b[K/workspaces/isaac_ros-dev/ros2_ws/object-detection-jai0307-notatallVishal/action_client/src/action_client.cpp:\x1b[m\x1b[K In constructor \xe2\x80\x98\x1b[01m\x1b[KTrackObjectClient::TrackObjectClient(const rclcpp::NodeOptions&)\x1b[m\x1b[K\xe2\x80\x99:\n'}
[23.243342] (action_client) StderrLine: {'line': b'\x1b[01m\x1b[K/workspaces/isaac_ros-dev/ros2_ws/object-detection-jai0307-notatallVishal/action_client/src/action_client.cpp:35:11:\x1b[m\x1b[K \x1b[01;31m\x1b[Kerror: \x1b[m\x1b[K\xe2\x80\x98\x1b[01m\x1b[Kclass TrackObjectClient\x1b[m\x1b[K\xe2\x80\x99 has no member named \xe2\x80\x98\x1b[01m\x1b[Kclient_ptr_\x1b[m\x1b[K\xe2\x80\x99\n'}
[23.243490] (action_client) StderrLine: {'line': b'   35 |     this->\x1b[01;31m\x1b[Kclient_ptr_\x1b[m\x1b[K = rclcpp_action::create_client<TrackObject>(\n'}
[23.243622] (action_client) StderrLine: {'line': b'      |           \x1b[01;31m\x1b[K^~~~~~~~~~~\x1b[m\x1b[K\n'}
[23.246915] (-) TimerEvent: {}
[23.260863] (action_client) StderrLine: {'line': b'\x1b[01m\x1b[K/workspaces/isaac_ros-dev/ros2_ws/object-detection-jai0307-notatallVishal/action_client/src/action_client.cpp:35:54:\x1b[m\x1b[K \x1b[01;31m\x1b[Kerror: \x1b[m\x1b[K\xe2\x80\x98\x1b[01m\x1b[KTrackObject\x1b[m\x1b[K\xe2\x80\x99 was not declared in this scope; did you mean \xe2\x80\x98\x1b[01m\x1b[KTrackObjectClient\x1b[m\x1b[K\xe2\x80\x99?\n'}
[23.261168] (action_client) StderrLine: {'line': b'   35 |     this->client_ptr_ = rclcpp_action::create_client<\x1b[01;31m\x1b[KTrackObject\x1b[m\x1b[K>(\n'}
[23.261351] (action_client) StderrLine: {'line': b'      |                                                      \x1b[01;31m\x1b[K^~~~~~~~~~~\x1b[m\x1b[K\n'}
[23.261490] (action_client) StderrLine: {'line': b'      |                                                      \x1b[32m\x1b[KTrackObjectClient\x1b[m\x1b[K\n'}
[23.263234] (action_client) StderrLine: {'line': b'\x1b[01m\x1b[K/workspaces/isaac_ros-dev/ros2_ws/object-detection-jai0307-notatallVishal/action_client/src/action_client.cpp:35:66:\x1b[m\x1b[K \x1b[01;31m\x1b[Kerror: \x1b[m\x1b[Kno matching function for call to \xe2\x80\x98\x1b[01m\x1b[Kcreate_client<<expression error> >(rclcpp::node_interfaces::NodeBaseInterface::SharedPtr, rclcpp::node_interfaces::NodeGraphInterface::SharedPtr, rclcpp::node_interfaces::NodeLoggingInterface::SharedPtr, rclcpp::node_interfaces::NodeWaitablesInterface::SharedPtr, const char [20])\x1b[m\x1b[K\xe2\x80\x99\n'}
[23.263436] (action_client) StderrLine: {'line': b'   35 |     this->client_ptr_ = \x1b[01;31m\x1b[Krclcpp_action::create_client<TrackObject>(\x1b[m\x1b[K\n'}
[23.263602] (action_client) StderrLine: {'line': b'      |                         \x1b[01;31m\x1b[K~~~~~~~~~~~~~~~~~~~~~~~~~~~~~~~~~~~~~~~~~^\x1b[m\x1b[K\n'}
[23.263737] (action_client) StderrLine: {'line': b'   36 | \x1b[01;31m\x1b[K      this->get_node_base_interface(),\x1b[m\x1b[K\n'}
[23.263907] (action_client) StderrLine: {'line': b'      |       \x1b[01;31m\x1b[K~~~~~~~~~~~~~~~~~~~~~~~~~~~~~~~~\x1b[m\x1b[K                            \n'}
[23.264033] (action_client) StderrLine: {'line': b'   37 | \x1b[01;31m\x1b[K      this->get_node_graph_interface(),\x1b[m\x1b[K\n'}
[23.264467] (action_client) StderrLine: {'line': b'      |       \x1b[01;31m\x1b[K~~~~~~~~~~~~~~~~~~~~~~~~~~~~~~~~~\x1b[m\x1b[K                           \n'}
[23.264612] (action_client) StderrLine: {'line': b'   38 | \x1b[01;31m\x1b[K      this->get_node_logging_interface(),\x1b[m\x1b[K\n'}
[23.264740] (action_client) StderrLine: {'line': b'      |       \x1b[01;31m\x1b[K~~~~~~~~~~~~~~~~~~~~~~~~~~~~~~~~~~~\x1b[m\x1b[K                         \n'}
[23.264865] (action_client) StderrLine: {'line': b'   39 | \x1b[01;31m\x1b[K      this->get_node_waitables_interface(),\x1b[m\x1b[K\n'}
[23.264986] (action_client) StderrLine: {'line': b'      |       \x1b[01;31m\x1b[K~~~~~~~~~~~~~~~~~~~~~~~~~~~~~~~~~~~~~\x1b[m\x1b[K                       \n'}
[23.265127] (action_client) StderrLine: {'line': b'   40 | \x1b[01;31m\x1b[K      "track_object_client")\x1b[m\x1b[K;\n'}
[23.265255] (action_client) StderrLine: {'line': b'      |       \x1b[01;31m\x1b[K~~~~~~~~~~~~~~~~~~~~~~\x1b[m\x1b[K                                      \n'}
[23.265377] (action_client) StderrLine: {'line': b'In file included from \x1b[01m\x1b[K/opt/ros/humble/include/rclcpp_action/rclcpp_action/rclcpp_action.hpp:38\x1b[m\x1b[K,\n'}
[23.265500] (action_client) StderrLine: {'line': b'                 from \x1b[01m\x1b[K/workspaces/isaac_ros-dev/ros2_ws/object-detection-jai0307-notatallVishal/action_client/src/action_client.cpp:24\x1b[m\x1b[K:\n'}
[23.265621] (action_client) StderrLine: {'line': b'\x1b[01m\x1b[K/opt/ros/humble/include/rclcpp_action/rclcpp_action/create_client.hpp:44:1:\x1b[m\x1b[K \x1b[01;36m\x1b[Knote: \x1b[m\x1b[Kcandidate: \xe2\x80\x98\x1b[01m\x1b[Ktemplate<class ActionT> typename rclcpp_action::Client<ActionT>::SharedPtr rclcpp_action::create_client(rclcpp::node_interfaces::NodeBaseInterface::SharedPtr, rclcpp::node_interfaces::NodeGraphInterface::SharedPtr, rclcpp::node_interfaces::NodeLoggingInterface::SharedPtr, rclcpp::node_interfaces::NodeWaitablesInterface::SharedPtr, const string&, rclcpp::CallbackGroup::SharedPtr, const rcl_action_client_options_t&)\x1b[m\x1b[K\xe2\x80\x99\n'}
[23.265773] (action_client) StderrLine: {'line': b'   44 | \x1b[01;36m\x1b[Kcreate_client\x1b[m\x1b[K(\n'}
[23.265896] (action_client) StderrLine: {'line': b'      | \x1b[01;36m\x1b[K^~~~~~~~~~~~~\x1b[m\x1b[K\n'}
[23.266015] (action_client) StderrLine: {'line': b'\x1b[01m\x1b[K/opt/ros/humble/include/rclcpp_action/rclcpp_action/create_client.hpp:44:1:\x1b[m\x1b[K \x1b[01;36m\x1b[Knote: \x1b[m\x1b[K  template argument deduction/substitution failed:\n'}
[23.266139] (action_client) StderrLine: {'line': b'\x1b[01m\x1b[K/workspaces/isaac_ros-dev/ros2_ws/object-detection-jai0307-notatallVishal/action_client/src/action_client.cpp:35:66:\x1b[m\x1b[K \x1b[01;31m\x1b[Kerror: \x1b[m\x1b[Ktemplate argument 1 is invalid\n'}
[23.266264] (action_client) StderrLine: {'line': b'   35 |     this->client_ptr_ = \x1b[01;31m\x1b[Krclcpp_action::create_client<TrackObject>(\x1b[m\x1b[K\n'}
[23.266383] (action_client) StderrLine: {'line': b'      |                         \x1b[01;31m\x1b[K~~~~~~~~~~~~~~~~~~~~~~~~~~~~~~~~~~~~~~~~~^\x1b[m\x1b[K\n'}
[23.266502] (action_client) StderrLine: {'line': b'   36 | \x1b[01;31m\x1b[K      this->get_node_base_interface(),\x1b[m\x1b[K\n'}
[23.266621] (action_client) StderrLine: {'line': b'      |       \x1b[01;31m\x1b[K~~~~~~~~~~~~~~~~~~~~~~~~~~~~~~~~\x1b[m\x1b[K                            \n'}
[23.266758] (action_client) StderrLine: {'line': b'   37 | \x1b[01;31m\x1b[K      this->get_node_graph_interface(),\x1b[m\x1b[K\n'}
[23.266878] (action_client) StderrLine: {'line': b'      |       \x1b[01;31m\x1b[K~~~~~~~~~~~~~~~~~~~~~~~~~~~~~~~~~\x1b[m\x1b[K                           \n'}
[23.266997] (action_client) StderrLine: {'line': b'   38 | \x1b[01;31m\x1b[K      this->get_node_logging_interface(),\x1b[m\x1b[K\n'}
[23.267116] (action_client) StderrLine: {'line': b'      |       \x1b[01;31m\x1b[K~~~~~~~~~~~~~~~~~~~~~~~~~~~~~~~~~~~\x1b[m\x1b[K                         \n'}
[23.267235] (action_client) StderrLine: {'line': b'   39 | \x1b[01;31m\x1b[K      this->get_node_waitables_interface(),\x1b[m\x1b[K\n'}
[23.267354] (action_client) StderrLine: {'line': b'      |       \x1b[01;31m\x1b[K~~~~~~~~~~~~~~~~~~~~~~~~~~~~~~~~~~~~~\x1b[m\x1b[K                       \n'}
[23.267471] (action_client) StderrLine: {'line': b'   40 | \x1b[01;31m\x1b[K      "track_object_client")\x1b[m\x1b[K;\n'}
[23.267590] (action_client) StderrLine: {'line': b'      |       \x1b[01;31m\x1b[K~~~~~~~~~~~~~~~~~~~~~~\x1b[m\x1b[K                                      \n'}
[23.267708] (action_client) StderrLine: {'line': b'In file included from \x1b[01m\x1b[K/opt/ros/humble/include/rclcpp_action/rclcpp_action/rclcpp_action.hpp:38\x1b[m\x1b[K,\n'}
[23.267887] (action_client) StderrLine: {'line': b'                 from \x1b[01m\x1b[K/workspaces/isaac_ros-dev/ros2_ws/object-detection-jai0307-notatallVishal/action_client/src/action_client.cpp:24\x1b[m\x1b[K:\n'}
[23.268035] (action_client) StderrLine: {'line': b'\x1b[01m\x1b[K/opt/ros/humble/include/rclcpp_action/rclcpp_action/create_client.hpp:105:1:\x1b[m\x1b[K \x1b[01;36m\x1b[Knote: \x1b[m\x1b[Kcandidate: \xe2\x80\x98\x1b[01m\x1b[Ktemplate<class ActionT, class NodeT> typename rclcpp_action::Client<ActionT>::SharedPtr rclcpp_action::create_client(NodeT, const string&, rclcpp::CallbackGroup::SharedPtr, const rcl_action_client_options_t&)\x1b[m\x1b[K\xe2\x80\x99\n'}
[23.268328] (action_client) StderrLine: {'line': b'  105 | \x1b[01;36m\x1b[Kcreate_client\x1b[m\x1b[K(\n'}
[23.268495] (action_client) StderrLine: {'line': b'      | \x1b[01;36m\x1b[K^~~~~~~~~~~~~\x1b[m\x1b[K\n'}
[23.268629] (action_client) StderrLine: {'line': b'\x1b[01m\x1b[K/opt/ros/humble/include/rclcpp_action/rclcpp_action/create_client.hpp:105:1:\x1b[m\x1b[K \x1b[01;36m\x1b[Knote: \x1b[m\x1b[K  template argument deduction/substitution failed:\n'}
[23.268761] (action_client) StderrLine: {'line': b'\x1b[01m\x1b[K/workspaces/isaac_ros-dev/ros2_ws/object-detection-jai0307-notatallVishal/action_client/src/action_client.cpp:35:66:\x1b[m\x1b[K \x1b[01;31m\x1b[Kerror: \x1b[m\x1b[Ktemplate argument 1 is invalid\n'}
[23.268892] (action_client) StderrLine: {'line': b'   35 |     this->client_ptr_ = \x1b[01;31m\x1b[Krclcpp_action::create_client<TrackObject>(\x1b[m\x1b[K\n'}
[23.269015] (action_client) StderrLine: {'line': b'      |                         \x1b[01;31m\x1b[K~~~~~~~~~~~~~~~~~~~~~~~~~~~~~~~~~~~~~~~~~^\x1b[m\x1b[K\n'}
[23.269135] (action_client) StderrLine: {'line': b'   36 | \x1b[01;31m\x1b[K      this->get_node_base_interface(),\x1b[m\x1b[K\n'}
[23.269252] (action_client) StderrLine: {'line': b'      |       \x1b[01;31m\x1b[K~~~~~~~~~~~~~~~~~~~~~~~~~~~~~~~~\x1b[m\x1b[K                            \n'}
[23.269386] (action_client) StderrLine: {'line': b'   37 | \x1b[01;31m\x1b[K      this->get_node_graph_interface(),\x1b[m\x1b[K\n'}
[23.269508] (action_client) StderrLine: {'line': b'      |       \x1b[01;31m\x1b[K~~~~~~~~~~~~~~~~~~~~~~~~~~~~~~~~~\x1b[m\x1b[K                           \n'}
[23.269628] (action_client) StderrLine: {'line': b'   38 | \x1b[01;31m\x1b[K      this->get_node_logging_interface(),\x1b[m\x1b[K\n'}
[23.269746] (action_client) StderrLine: {'line': b'      |       \x1b[01;31m\x1b[K~~~~~~~~~~~~~~~~~~~~~~~~~~~~~~~~~~~\x1b[m\x1b[K                         \n'}
[23.269864] (action_client) StderrLine: {'line': b'   39 | \x1b[01;31m\x1b[K      this->get_node_waitables_interface(),\x1b[m\x1b[K\n'}
[23.270000] (action_client) StderrLine: {'line': b'      |       \x1b[01;31m\x1b[K~~~~~~~~~~~~~~~~~~~~~~~~~~~~~~~~~~~~~\x1b[m\x1b[K                       \n'}
[23.270122] (action_client) StderrLine: {'line': b'   40 | \x1b[01;31m\x1b[K      "track_object_client")\x1b[m\x1b[K;\n'}
[23.270242] (action_client) StderrLine: {'line': b'      |       \x1b[01;31m\x1b[K~~~~~~~~~~~~~~~~~~~~~~\x1b[m\x1b[K                                      \n'}
[23.282692] (action_client) StderrLine: {'line': b'\x1b[01m\x1b[K/workspaces/isaac_ros-dev/ros2_ws/object-detection-jai0307-notatallVishal/action_client/src/action_client.cpp:43:9:\x1b[m\x1b[K \x1b[01;31m\x1b[Kerror: \x1b[m\x1b[K\xe2\x80\x98\x1b[01m\x1b[Ksubscription_\x1b[m\x1b[K\xe2\x80\x99 was not declared in this scope; did you mean \xe2\x80\x98\x1b[01m\x1b[Krmw_subscription_t\x1b[m\x1b[K\xe2\x80\x99?\n'}
[23.283097] (action_client) StderrLine: {'line': b'   43 |         \x1b[01;31m\x1b[Ksubscription_\x1b[m\x1b[K = this->create_subscription<std_msgs::msgs::String>("input_topic", 10,\n'}
[23.283248] (action_client) StderrLine: {'line': b'      |         \x1b[01;31m\x1b[K^~~~~~~~~~~~~\x1b[m\x1b[K\n'}
[23.283378] (action_client) StderrLine: {'line': b'      |         \x1b[32m\x1b[Krmw_subscription_t\x1b[m\x1b[K\n'}
[23.297872] (action_client) StderrLine: {'line': b'\x1b[01m\x1b[K/workspaces/isaac_ros-dev/ros2_ws/object-detection-jai0307-notatallVishal/action_client/src/action_client.cpp:43:51:\x1b[m\x1b[K \x1b[01;31m\x1b[Kerror: \x1b[m\x1b[K\xe2\x80\x98\x1b[01m\x1b[Kstd_msgs\x1b[m\x1b[K\xe2\x80\x99 was not declared in this scope\n'}
[23.298216] (action_client) StderrLine: {'line': b'   43 |         subscription_ = this->create_subscription<\x1b[01;31m\x1b[Kstd_msgs\x1b[m\x1b[K::msgs::String>("input_topic", 10,\n'}
[23.298365] (action_client) StderrLine: {'line': b'      |                                                   \x1b[01;31m\x1b[K^~~~~~~~\x1b[m\x1b[K\n'}
[23.298495] (action_client) StderrLine: {'line': b'\x1b[01m\x1b[K/workspaces/isaac_ros-dev/ros2_ws/object-detection-jai0307-notatallVishal/action_client/src/action_client.cpp:43:31:\x1b[m\x1b[K \x1b[01;31m\x1b[Kerror: \x1b[m\x1b[Kparse error in template argument list\n'}
[23.298627] (action_client) StderrLine: {'line': b'   43 |         subscription_ = this->\x1b[01;31m\x1b[Kcreate_subscription<std_msgs::msgs::String>\x1b[m\x1b[K("input_topic", 10,\n'}
[23.298753] (action_client) StderrLine: {'line': b'      |                               \x1b[01;31m\x1b[K^~~~~~~~~~~~~~~~~~~~~~~~~~~~~~~~~~~~~~~~~~~\x1b[m\x1b[K\n'}
[23.299246] (action_client) StderrLine: {'line': b'\x1b[01m\x1b[K/workspaces/isaac_ros-dev/ros2_ws/object-detection-jai0307-notatallVishal/action_client/src/action_client.cpp:44:93:\x1b[m\x1b[K \x1b[01;31m\x1b[Kerror: \x1b[m\x1b[K\xe2\x80\x98\x1b[01m\x1b[K_1\x1b[m\x1b[K\xe2\x80\x99 was not declared in this scope; did you mean \xe2\x80\x98\x1b[01m\x1b[Kstd::placeholders::_1\x1b[m\x1b[K\xe2\x80\x99?\n'}
[23.299403] (action_client) StderrLine: {'line': b'   44 |                                         std::bind(&TrackObjectClient::input_callback, this, \x1b[01;31m\x1b[K_1\x1b[m\x1b[K);\n'}
[23.299537] (action_client) StderrLine: {'line': b'      |                                                                                             \x1b[01;31m\x1b[K^~\x1b[m\x1b[K\n'}
[23.299662] (action_client) StderrLine: {'line': b'      |                                                                                             \x1b[32m\x1b[Kstd::placeholders::_1\x1b[m\x1b[K\n'}
[23.299962] (action_client) StderrLine: {'line': b'In file included from \x1b[01m\x1b[K/usr/include/c++/11/pstl/glue_algorithm_defs.h:13\x1b[m\x1b[K,\n'}
[23.300121] (action_client) StderrLine: {'line': b'                 from \x1b[01m\x1b[K/usr/include/c++/11/algorithm:74\x1b[m\x1b[K,\n'}
[23.300254] (action_client) StderrLine: {'line': b'                 from \x1b[01m\x1b[K/workspaces/isaac_ros-dev/ros2_ws/object-detection-jai0307-notatallVishal/install/custom_interfaces/include/custom_interfaces/custom_interfaces/action/detail/detect__struct.hpp:8\x1b[m\x1b[K,\n'}
[23.300434] (action_client) StderrLine: {'line': b'                 from \x1b[01m\x1b[K/workspaces/isaac_ros-dev/ros2_ws/object-detection-jai0307-notatallVishal/install/custom_interfaces/include/custom_interfaces/custom_interfaces/action/detect.hpp:7\x1b[m\x1b[K,\n'}
[23.300564] (action_client) StderrLine: {'line': b'                 from \x1b[01m\x1b[K/workspaces/isaac_ros-dev/ros2_ws/object-detection-jai0307-notatallVishal/action_client/src/action_client.cpp:22\x1b[m\x1b[K:\n'}
[23.300688] (action_client) StderrLine: {'line': b'\x1b[01m\x1b[K/usr/include/c++/11/functional:225:34:\x1b[m\x1b[K \x1b[01;36m\x1b[Knote: \x1b[m\x1b[K\xe2\x80\x98\x1b[01m\x1b[Kstd::placeholders::_1\x1b[m\x1b[K\xe2\x80\x99 declared here\n'}
[23.300813] (action_client) StderrLine: {'line': b'  225 |     extern const _Placeholder<1> \x1b[01;36m\x1b[K_1\x1b[m\x1b[K;\n'}
[23.300937] (action_client) StderrLine: {'line': b'      |                                  \x1b[01;36m\x1b[K^~\x1b[m\x1b[K\n'}
[23.327268] (action_client) StderrLine: {'line': b'\x1b[01m\x1b[K/workspaces/isaac_ros-dev/ros2_ws/object-detection-jai0307-notatallVishal/action_client/src/action_client.cpp:\x1b[m\x1b[K In member function \xe2\x80\x98\x1b[01m\x1b[Kvoid TrackObjectClient::send_goal()\x1b[m\x1b[K\xe2\x80\x99:\n'}
[23.327699] (action_client) StderrLine: {'line': b'\x1b[01m\x1b[K/workspaces/isaac_ros-dev/ros2_ws/object-detection-jai0307-notatallVishal/action_client/src/action_client.cpp:64:16:\x1b[m\x1b[K \x1b[01;31m\x1b[Kerror: \x1b[m\x1b[K\xe2\x80\x98\x1b[01m\x1b[Kclass TrackObjectClient\x1b[m\x1b[K\xe2\x80\x99 has no member named \xe2\x80\x98\x1b[01m\x1b[Kclient_ptr_\x1b[m\x1b[K\xe2\x80\x99\n'}
[23.327971] (action_client) StderrLine: {'line': b'   64 |     if (!this->\x1b[01;31m\x1b[Kclient_ptr_\x1b[m\x1b[K) {\n'}
[23.328120] (action_client) StderrLine: {'line': b'      |                \x1b[01;31m\x1b[K^~~~~~~~~~~\x1b[m\x1b[K\n'}
[23.328380] (action_client) StderrLine: {'line': b'\x1b[01m\x1b[K/workspaces/isaac_ros-dev/ros2_ws/object-detection-jai0307-notatallVishal/action_client/src/action_client.cpp:68:16:\x1b[m\x1b[K \x1b[01;31m\x1b[Kerror: \x1b[m\x1b[K\xe2\x80\x98\x1b[01m\x1b[Kclass TrackObjectClient\x1b[m\x1b[K\xe2\x80\x99 has no member named \xe2\x80\x98\x1b[01m\x1b[Kclient_ptr_\x1b[m\x1b[K\xe2\x80\x99\n'}
[23.328532] (action_client) StderrLine: {'line': b'   68 |     if (!this->\x1b[01;31m\x1b[Kclient_ptr_\x1b[m\x1b[K->wait_for_action_server(std::chrono::seconds(10))) {\n'}
[23.328667] (action_client) StderrLine: {'line': b'      |                \x1b[01;31m\x1b[K^~~~~~~~~~~\x1b[m\x1b[K\n'}
[23.329211] (action_client) StderrLine: {'line': b'\x1b[01m\x1b[K/workspaces/isaac_ros-dev/ros2_ws/object-detection-jai0307-notatallVishal/action_client/src/action_client.cpp:74:21:\x1b[m\x1b[K \x1b[01;31m\x1b[Kerror: \x1b[m\x1b[K\xe2\x80\x98\x1b[01m\x1b[KTrackObject\x1b[m\x1b[K\xe2\x80\x99 has not been declared\n'}
[23.329362] (action_client) StderrLine: {'line': b'   74 |     auto goal_msg = \x1b[01;31m\x1b[KTrackObject\x1b[m\x1b[K::Goal();\n'}
[23.329492] (action_client) StderrLine: {'line': b'      |                     \x1b[01;31m\x1b[K^~~~~~~~~~~\x1b[m\x1b[K\n'}
[23.347078] (-) TimerEvent: {}
[23.348546] (action_client) StderrLine: {'line': b'\x1b[01m\x1b[K/workspaces/isaac_ros-dev/ros2_ws/object-detection-jai0307-notatallVishal/action_client/src/action_client.cpp:83:52:\x1b[m\x1b[K \x1b[01;31m\x1b[Kerror: \x1b[m\x1b[K\xe2\x80\x98\x1b[01m\x1b[KTrackObject\x1b[m\x1b[K\xe2\x80\x99 was not declared in this scope; did you mean \xe2\x80\x98\x1b[01m\x1b[KTrackObjectClient\x1b[m\x1b[K\xe2\x80\x99?\n'}
[23.348979] (action_client) StderrLine: {'line': b'   83 |     auto send_goal_options = rclcpp_action::Client<\x1b[01;31m\x1b[KTrackObject\x1b[m\x1b[K>::SendGoalOptions();\n'}
[23.349137] (action_client) StderrLine: {'line': b'      |                                                    \x1b[01;31m\x1b[K^~~~~~~~~~~\x1b[m\x1b[K\n'}
[23.349274] (action_client) StderrLine: {'line': b'      |                                                    \x1b[32m\x1b[KTrackObjectClient\x1b[m\x1b[K\n'}
[23.349427] (action_client) StderrLine: {'line': b'\x1b[01m\x1b[K/workspaces/isaac_ros-dev/ros2_ws/object-detection-jai0307-notatallVishal/action_client/src/action_client.cpp:83:63:\x1b[m\x1b[K \x1b[01;31m\x1b[Kerror: \x1b[m\x1b[Ktemplate argument 1 is invalid\n'}
[23.349559] (action_client) StderrLine: {'line': b'   83 |     auto send_goal_options = rclcpp_action::Client<TrackObject\x1b[01;31m\x1b[K>\x1b[m\x1b[K::SendGoalOptions();\n'}
[23.349684] (action_client) StderrLine: {'line': b'      |                                                               \x1b[01;31m\x1b[K^\x1b[m\x1b[K\n'}
[23.349805] (action_client) StderrLine: {'line': b'\x1b[01m\x1b[K/workspaces/isaac_ros-dev/ros2_ws/object-detection-jai0307-notatallVishal/action_client/src/action_client.cpp:86:18:\x1b[m\x1b[K \x1b[01;31m\x1b[Kerror: \x1b[m\x1b[K\xe2\x80\x98\x1b[01m\x1b[KMyActionClient\x1b[m\x1b[K\xe2\x80\x99 has not been declared\n'}
[23.349936] (action_client) StderrLine: {'line': b'   86 |       std::bind(&\x1b[01;31m\x1b[KMyActionClient\x1b[m\x1b[K::goal_response_callback, this, _1);\n'}
[23.350061] (action_client) StderrLine: {'line': b'      |                  \x1b[01;31m\x1b[K^~~~~~~~~~~~~~\x1b[m\x1b[K\n'}
[23.350182] (action_client) StderrLine: {'line': b'\x1b[01m\x1b[K/workspaces/isaac_ros-dev/ros2_ws/object-detection-jai0307-notatallVishal/action_client/src/action_client.cpp:89:18:\x1b[m\x1b[K \x1b[01;31m\x1b[Kerror: \x1b[m\x1b[K\xe2\x80\x98\x1b[01m\x1b[KMyActionClient\x1b[m\x1b[K\xe2\x80\x99 has not been declared\n'}
[23.350304] (action_client) StderrLine: {'line': b'   89 |       std::bind(&\x1b[01;31m\x1b[KMyActionClient\x1b[m\x1b[K::feedback_callback, this, _1, _2);\n'}
[23.350421] (action_client) StderrLine: {'line': b'      |                  \x1b[01;31m\x1b[K^~~~~~~~~~~~~~\x1b[m\x1b[K\n'}
[23.350536] (action_client) StderrLine: {'line': b'\x1b[01m\x1b[K/workspaces/isaac_ros-dev/ros2_ws/object-detection-jai0307-notatallVishal/action_client/src/action_client.cpp:92:18:\x1b[m\x1b[K \x1b[01;31m\x1b[Kerror: \x1b[m\x1b[K\xe2\x80\x98\x1b[01m\x1b[KMyActionClient\x1b[m\x1b[K\xe2\x80\x99 has not been declared\n'}
[23.350653] (action_client) StderrLine: {'line': b'   92 |       std::bind(&\x1b[01;31m\x1b[KMyActionClient\x1b[m\x1b[K::result_callback, this, _1);\n'}
[23.350770] (action_client) StderrLine: {'line': b'      |                  \x1b[01;31m\x1b[K^~~~~~~~~~~~~~\x1b[m\x1b[K\n'}
[23.350886] (action_client) StderrLine: {'line': b'\x1b[01m\x1b[K/workspaces/isaac_ros-dev/ros2_ws/object-detection-jai0307-notatallVishal/action_client/src/action_client.cpp:94:37:\x1b[m\x1b[K \x1b[01;31m\x1b[Kerror: \x1b[m\x1b[K\xe2\x80\x98\x1b[01m\x1b[Kclass TrackObjectClient\x1b[m\x1b[K\xe2\x80\x99 has no member named \xe2\x80\x98\x1b[01m\x1b[Kclient_ptr_\x1b[m\x1b[K\xe2\x80\x99\n'}
[23.351032] (action_client) StderrLine: {'line': b'   94 |     auto goal_handle_future = this->\x1b[01;31m\x1b[Kclient_ptr_\x1b[m\x1b[K->async_send_goal(goal_msg, send_goal_options);\n'}
[23.351155] (action_client) StderrLine: {'line': b'      |                                     \x1b[01;31m\x1b[K^~~~~~~~~~~\x1b[m\x1b[K\n'}
[23.366704] (action_client) StderrLine: {'line': b'In file included from \x1b[01m\x1b[K/opt/ros/humble/include/rclcpp/rclcpp/logging.hpp:24\x1b[m\x1b[K,\n'}
[23.367065] (action_client) StderrLine: {'line': b'                 from \x1b[01m\x1b[K/opt/ros/humble/include/rclcpp/rclcpp/client.hpp:40\x1b[m\x1b[K,\n'}
[23.367229] (action_client) StderrLine: {'line': b'                 from \x1b[01m\x1b[K/opt/ros/humble/include/rclcpp/rclcpp/callback_group.hpp:24\x1b[m\x1b[K,\n'}
[23.367375] (action_client) StderrLine: {'line': b'                 from \x1b[01m\x1b[K/opt/ros/humble/include/rclcpp/rclcpp/any_executable.hpp:20\x1b[m\x1b[K,\n'}
[23.367545] (action_client) StderrLine: {'line': b'                 from \x1b[01m\x1b[K/opt/ros/humble/include/rclcpp/rclcpp/memory_strategy.hpp:25\x1b[m\x1b[K,\n'}
[23.367679] (action_client) StderrLine: {'line': b'                 from \x1b[01m\x1b[K/opt/ros/humble/include/rclcpp/rclcpp/memory_strategies.hpp:18\x1b[m\x1b[K,\n'}
[23.367863] (action_client) StderrLine: {'line': b'                 from \x1b[01m\x1b[K/opt/ros/humble/include/rclcpp/rclcpp/executor_options.hpp:20\x1b[m\x1b[K,\n'}
[23.367997] (action_client) StderrLine: {'line': b'                 from \x1b[01m\x1b[K/opt/ros/humble/include/rclcpp/rclcpp/executor.hpp:37\x1b[m\x1b[K,\n'}
[23.368122] (action_client) StderrLine: {'line': b'                 from \x1b[01m\x1b[K/opt/ros/humble/include/rclcpp/rclcpp/executors/multi_threaded_executor.hpp:25\x1b[m\x1b[K,\n'}
[23.368249] (action_client) StderrLine: {'line': b'                 from \x1b[01m\x1b[K/opt/ros/humble/include/rclcpp/rclcpp/executors.hpp:21\x1b[m\x1b[K,\n'}
[23.368370] (action_client) StderrLine: {'line': b'                 from \x1b[01m\x1b[K/opt/ros/humble/include/rclcpp/rclcpp/rclcpp.hpp:155\x1b[m\x1b[K,\n'}
[23.368487] (action_client) StderrLine: {'line': b'                 from \x1b[01m\x1b[K/workspaces/isaac_ros-dev/ros2_ws/object-detection-jai0307-notatallVishal/action_client/src/action_client.cpp:23\x1b[m\x1b[K:\n'}
[23.368609] (action_client) StderrLine: {'line': b'\x1b[01m\x1b[K/workspaces/isaac_ros-dev/ros2_ws/object-detection-jai0307-notatallVishal/action_client/src/action_client.cpp:\x1b[m\x1b[K In member function \xe2\x80\x98\x1b[01m\x1b[Kvoid TrackObjectClient::feedback_callback(int)\x1b[m\x1b[K\xe2\x80\x99:\n'}
[23.368736] (action_client) StderrLine: {'line': b'\x1b[01m\x1b[K/workspaces/isaac_ros-dev/ros2_ws/object-detection-jai0307-notatallVishal/action_client/src/action_client.cpp:123:52:\x1b[m\x1b[K \x1b[01;31m\x1b[Kerror: \x1b[m\x1b[K\xe2\x80\x98\x1b[01m\x1b[Kfeedback\x1b[m\x1b[K\xe2\x80\x99 was not declared in this scope\n'}
[23.368861] (action_client) StderrLine: {'line': b'  123 |       this->get_logger(), "Feedback received: %s", \x1b[01;31m\x1b[Kfeedback\x1b[m\x1b[K->feedback.c_str());\n'}
[23.368999] (action_client) StderrLine: {'line': b'      |                                                    \x1b[01;31m\x1b[K^~~~~~~~\x1b[m\x1b[K\n'}
[23.382979] (action_client) StderrLine: {'line': b'\x1b[01m\x1b[K/workspaces/isaac_ros-dev/ros2_ws/object-detection-jai0307-notatallVishal/action_client/src/action_client.cpp:125:20:\x1b[m\x1b[K \x1b[01;31m\x1b[Kerror: \x1b[m\x1b[K\xe2\x80\x98\x1b[01m\x1b[Kfeedback\x1b[m\x1b[K\xe2\x80\x99 was not declared in this scope\n'}
[23.383373] (action_client) StderrLine: {'line': b'  125 |          if(strcmp(\x1b[01;31m\x1b[Kfeedback\x1b[m\x1b[K->feedback.c_str(), "Terminate.")){\n'}
[23.383522] (action_client) StderrLine: {'line': b'      |                    \x1b[01;31m\x1b[K^~~~~~~~\x1b[m\x1b[K\n'}
[23.399860] (action_client) StderrLine: {'line': b'\x1b[01m\x1b[K/workspaces/isaac_ros-dev/ros2_ws/object-detection-jai0307-notatallVishal/action_client/src/action_client.cpp:126:33:\x1b[m\x1b[K \x1b[01;31m\x1b[Kerror: \x1b[m\x1b[K\xe2\x80\x98\x1b[01m\x1b[Kclient_ptr_\x1b[m\x1b[K\xe2\x80\x99 was not declared in this scope\n'}
[23.400191] (action_client) StderrLine: {'line': b'  126 |                 auto canceler = \x1b[01;31m\x1b[Kclient_ptr_\x1b[m\x1b[K->async_cancel_goal(goal_handler);\n'}
[23.400343] (action_client) StderrLine: {'line': b'      |                                 \x1b[01;31m\x1b[K^~~~~~~~~~~\x1b[m\x1b[K\n'}
[23.417611] (action_client) StderrLine: {'line': b'\x1b[01m\x1b[K/workspaces/isaac_ros-dev/ros2_ws/object-detection-jai0307-notatallVishal/action_client/src/action_client.cpp:126:64:\x1b[m\x1b[K \x1b[01;31m\x1b[Kerror: \x1b[m\x1b[K\xe2\x80\x98\x1b[01m\x1b[Kgoal_handler\x1b[m\x1b[K\xe2\x80\x99 was not declared in this scope; did you mean \xe2\x80\x98\x1b[01m\x1b[Ksa_handler\x1b[m\x1b[K\xe2\x80\x99?\n'}
[23.417949] (action_client) StderrLine: {'line': b'  126 |                 auto canceler = client_ptr_->async_cancel_goal(\x1b[01;31m\x1b[Kgoal_handler\x1b[m\x1b[K);\n'}
[23.418095] (action_client) StderrLine: {'line': b'      |                                                                \x1b[01;31m\x1b[K^~~~~~~~~~~~\x1b[m\x1b[K\n'}
[23.418227] (action_client) StderrLine: {'line': b'      |                                                                \x1b[32m\x1b[Ksa_handler\x1b[m\x1b[K\n'}
[23.418402] (action_client) StderrLine: {'line': b'\x1b[01m\x1b[K/workspaces/isaac_ros-dev/ros2_ws/object-detection-jai0307-notatallVishal/action_client/src/action_client.cpp:119:28:\x1b[m\x1b[K \x1b[01;35m\x1b[Kwarning: \x1b[m\x1b[Kunused parameter \xe2\x80\x98\x1b[01m\x1b[KSharedPtr\x1b[m\x1b[K\xe2\x80\x99 [\x1b[01;35m\x1b[K-Wunused-parameter\x1b[m\x1b[K]\n'}
[23.418533] (action_client) StderrLine: {'line': b'  119 |     \x1b[01;35m\x1b[KGoalHandleTrackObject::SharedPtr\x1b[m\x1b[K goal_handler,\n'}
[23.418657] (action_client) StderrLine: {'line': b'      |     \x1b[01;35m\x1b[K~~~~~~~~~~~~~~~~~~~~~~~^~~~~~~~~\x1b[m\x1b[K\n'}
[23.428953] (action_client) StderrLine: {'line': b'\x1b[01m\x1b[K/workspaces/isaac_ros-dev/ros2_ws/object-detection-jai0307-notatallVishal/action_client/src/action_client.cpp:\x1b[m\x1b[K In function \xe2\x80\x98\x1b[01m\x1b[Kint main(int, char**)\x1b[m\x1b[K\xe2\x80\x99:\n'}
[23.429246] (action_client) StderrLine: {'line': b'\x1b[01m\x1b[K/workspaces/isaac_ros-dev/ros2_ws/object-detection-jai0307-notatallVishal/action_client/src/action_client.cpp:156:41:\x1b[m\x1b[K \x1b[01;31m\x1b[Kerror: \x1b[m\x1b[K\xe2\x80\x98\x1b[01m\x1b[KMyActionClient\x1b[m\x1b[K\xe2\x80\x99 was not declared in this scope; did you mean \xe2\x80\x98\x1b[01m\x1b[Kaction_client\x1b[m\x1b[K\xe2\x80\x99?\n'}
[23.429439] (action_client) StderrLine: {'line': b'  156 |   auto action_client = std::make_shared<\x1b[01;31m\x1b[KMyActionClient\x1b[m\x1b[K>();\n'}
[23.429687] (action_client) StderrLine: {'line': b'      |                                         \x1b[01;31m\x1b[K^~~~~~~~~~~~~~\x1b[m\x1b[K\n'}
[23.429842] (action_client) StderrLine: {'line': b'      |                                         \x1b[32m\x1b[Kaction_client\x1b[m\x1b[K\n'}
[23.429977] (action_client) StderrLine: {'line': b'\x1b[01m\x1b[K/workspaces/isaac_ros-dev/ros2_ws/object-detection-jai0307-notatallVishal/action_client/src/action_client.cpp:156:56:\x1b[m\x1b[K \x1b[01;31m\x1b[Kerror: \x1b[m\x1b[Kno matching function for call to \xe2\x80\x98\x1b[01m\x1b[Kmake_shared<<expression error> >()\x1b[m\x1b[K\xe2\x80\x99\n'}
[23.430110] (action_client) StderrLine: {'line': b'  156 |   auto action_client = \x1b[01;31m\x1b[Kstd::make_shared<MyActionClient>()\x1b[m\x1b[K;\n'}
[23.430235] (action_client) StderrLine: {'line': b'      |                        \x1b[01;31m\x1b[K~~~~~~~~~~~~~~~~~~~~~~~~~~~~~~~~^~\x1b[m\x1b[K\n'}
[23.430357] (action_client) StderrLine: {'line': b'In file included from \x1b[01m\x1b[K/usr/include/c++/11/memory:77\x1b[m\x1b[K,\n'}
[23.430481] (action_client) StderrLine: {'line': b'                 from \x1b[01m\x1b[K/workspaces/isaac_ros-dev/ros2_ws/object-detection-jai0307-notatallVishal/action_client/src/action_client.cpp:18\x1b[m\x1b[K:\n'}
[23.430604] (action_client) StderrLine: {'line': b'\x1b[01m\x1b[K/usr/include/c++/11/bits/shared_ptr.h:875:5:\x1b[m\x1b[K \x1b[01;36m\x1b[Knote: \x1b[m\x1b[Kcandidate: \xe2\x80\x98\x1b[01m\x1b[Ktemplate<class _Tp, class ... _Args> std::shared_ptr<_Tp> std::make_shared(_Args&& ...)\x1b[m\x1b[K\xe2\x80\x99\n'}
[23.430728] (action_client) StderrLine: {'line': b'  875 |     \x1b[01;36m\x1b[Kmake_shared\x1b[m\x1b[K(_Args&&... __args)\n'}
[23.430850] (action_client) StderrLine: {'line': b'      |     \x1b[01;36m\x1b[K^~~~~~~~~~~\x1b[m\x1b[K\n'}
[23.430972] (action_client) StderrLine: {'line': b'\x1b[01m\x1b[K/usr/include/c++/11/bits/shared_ptr.h:875:5:\x1b[m\x1b[K \x1b[01;36m\x1b[Knote: \x1b[m\x1b[K  template argument deduction/substitution failed:\n'}
[23.431093] (action_client) StderrLine: {'line': b'\x1b[01m\x1b[K/workspaces/isaac_ros-dev/ros2_ws/object-detection-jai0307-notatallVishal/action_client/src/action_client.cpp:156:56:\x1b[m\x1b[K \x1b[01;31m\x1b[Kerror: \x1b[m\x1b[Ktemplate argument 1 is invalid\n'}
[23.431215] (action_client) StderrLine: {'line': b'  156 |   auto action_client = \x1b[01;31m\x1b[Kstd::make_shared<MyActionClient>()\x1b[m\x1b[K;\n'}
[23.431332] (action_client) StderrLine: {'line': b'      |                        \x1b[01;31m\x1b[K~~~~~~~~~~~~~~~~~~~~~~~~~~~~~~~~^~\x1b[m\x1b[K\n'}
[23.447193] (-) TimerEvent: {}
[23.547778] (-) TimerEvent: {}
[23.648440] (-) TimerEvent: {}
[23.749136] (-) TimerEvent: {}
[23.849823] (-) TimerEvent: {}
[23.950526] (-) TimerEvent: {}
[24.051250] (-) TimerEvent: {}
[24.151996] (-) TimerEvent: {}
[24.252711] (-) TimerEvent: {}
[24.353541] (-) TimerEvent: {}
[24.454247] (-) TimerEvent: {}
[24.554949] (-) TimerEvent: {}
[24.655708] (-) TimerEvent: {}
[24.722413] (action_client) StderrLine: {'line': b'gmake[2]: *** [CMakeFiles/action_client_node.dir/build.make:76: CMakeFiles/action_client_node.dir/src/action_client.cpp.o] Error 1\n'}
[24.723236] (action_client) StderrLine: {'line': b'gmake[1]: *** [CMakeFiles/Makefile2:137: CMakeFiles/action_client_node.dir/all] Error 2\n'}
[24.723962] (action_client) StderrLine: {'line': b'gmake: *** [Makefile:146: all] Error 2\n'}
[24.754683] (action_client) CommandEnded: {'returncode': 2}
[24.756997] (-) TimerEvent: {}
[24.791338] (action_client) JobEnded: {'identifier': 'action_client', 'rc': 2}
[24.802948] (-) EventReactorShutdown: {}
